Date,Headline,URL
2024-04-15,Telenor has no plans to exit Bangladesh or merge Grameenphone with others: CEO Brekke - bdnews24.com,https://news.google.com/rss/articles/CBMiUkFVX3lxTE1uRlQ5cnNheUcxeFVBcHA2cGJVX2F1OUZuOF9fMDhlc0djMDJKVGxQLXZ2M1Z1RGFrY1o1RVhOUWxTRTZVT29qaThkRkREX3Q3b0E?oc=5
2024-04-25,Grameenphone registers Tk 39.3b revenue in 1st three months of 2024 - Bangladesh Sangbad Sangstha (BSS),https://news.google.com/rss/articles/CBMiUEFVX3lxTFA1LWJXMDNRUnNNX3lhMXRqaWdXSFdrQU9OMEZNU1o4bERVSXJFZTVYdkkxVU9WQ2k0VWYzZ2tFVE4zNUg1blo1RDByZ1ZRRHhS?oc=5
2024-05-02,Grameenphone's minimum recharge period extended to 35 days - The Financial Express | First Financial Daily of Bangladesh,https://news.google.com/rss/articles/CBMinwFBVV95cUxQdXQ2SFZtbUVCdnFaaUUzTUFGdmtkVGI0alg1c2ZIUnhKWThlQnNVVDdSUWZHRW1KS1JEVVFobHY0QkhUcGE3d3VJbkFUc3kxVGpxRXVwQ3FycU5Jcy1BaTBiakJBRlBMUWxrZDd0aTdHc1R3SWJ6NWd4blJGUV9NUWMxdU1DRS01eTFwY0RnSW1XLXB0cS1uZU5ucHBfeFE?oc=5
2024-05-14,Grameenphone partners with bKash - The Financial Express | First Financial Daily of Bangladesh,https://news.google.com/rss/articles/CBMingFBVV95cUxPMko2bjJHZkVRb3ZLT0N5SjdKaUNUSmdMREVmT2NHWVRUQl9FOFdKX0o4WXowWDVsZHR6SURoTmpjelNMV18yczZLYWpzeFNpWWgyWmhRbDgwTGNxcmVLR1NkNy0zVWxBVWxaLTg3T0tmcVBkMGx2SkNVRGRYbDUwNzY4LVJTVEpsUllPQ0RkekxZYnNMMlg3TnY5cXdpd9IBqgFBVV95cUxQMVE3ZXlXYWVqaUdjNjRuWXR4Uldqc2RzRnBEUENOZnczeUFiZHlvYXNXbHkyeUlLeGlmbWdsSUFLRFRuWkZxa2IwOEFCczQwSzg3ZUNQanVWTW5NRGhUY3loNXNLNllTOERpMDB3QW9mUWxEVTZoWXFKTXVFVDJSNzJ4X1N1c192RlBiNmpsTGFSejJUb0x1OGJtaG44LWVQcWw1V3pBanFGQQ?oc=5
2024-06-10,Grameenphone launches latest episode of Lumière featuring Rezwana Choudhury Bannya - The Daily Star,https://news.google.com/rss/articles/CBMizgFBVV95cUxNc2NDRU9TLXV6QThqV3ZHMXJtdUF3eUV3YUdmdGEwVDd0WGE1dEMxaDlPeDJXRGc1VzUtUmZRTHFKT09TbWgwWHNpYTAyY0dDci1xazFiMlA5SXM3c0NPbkp4TlpvMHRDUVYxVDFCZEZTdDd0THZ5OWd4dXc4MVpEd0FhNHFIUHZabG5YNi0teFRmTUdITnV6RGZ2SlNicmlZQzBGeXNhR1dIM3RqdnFnYnVkeU1NRTRjeFp0ZHhIZnczRUxDU1VJNkgyWFYzUQ?oc=5
2024-06-11,Grameenphone installs new network tower in Kushtia's 'YouTube Village' to empower content creators - The Business Standard,https://news.google.com/rss/articles/CBMiwAFBVV95cUxQVWVVUS1RMW1IZDU0U3lpQ0hEOEF0bGl1cjN4R0hYVXFtTHJhOXp5dEpWNzJ2LW01Q1pVQW93X0QyUGJka1R5a2oybUl4dWswa1hqMDVQQVRRSy1QMHlTUG9uYXNabURISHBBNjFEclN5SC1WbUc3Q1AwcVpZQ2Z2S25tRm1Ha1VuYk9mYWMwb2RfYnVOS3V1R05wUWFsYm9udG95aVFTUzliaXpLRUw0VXVPLWtfNi1QM0RELWtHUlfSAcYBQVVfeXFMUFJXOG15MGREdUZNVGpwMm9vMnV3OVVvZ3ZSSnFzOGlpWXpKN0ZIZDNTZ3dnSGVXNDNZRUNYeThCXy1yVjlNZEo4UW9reU9YeXNCZFJ3QTJkbWp4TC1XNXpqTkxwa3k3WTY3MWY4MTlwRjNkZlBBdkZXeENscTk1RmJnZkJvLWttN25jZEdYVm1EWWxYSmdiQVRILWJXN3E5TWg5cWRrRDJXQnV1NzZaem9tOHM3RDFrWUFTZnRJODB3cjlpalBR?oc=5
2024-07-03,Grameenphone CEO exchanges views with youths - Newagebd.net,https://news.google.com/rss/articles/CBMikwFBVV95cUxOSUlzaE1NMUlrNE85UmZRR09wODFXRkRnczhlZUZ2eEE5NHd1QjBfa29JUWR3Sm03VEhFanhCb3h0Z2N5YWdaX0d0c3VvbG5wUlpPWUxtNHZ3ZGRZMGJWVnhZVW9qcFFDY0kwTmJ0cTNuTVhNQnVoMmpfRlNoYWVWYnJwQ0h1aDFGRFJHYXlMQzhiT0U?oc=5
2024-07-08,Network restored: Grameenphone - The Daily Star,https://news.google.com/rss/articles/CBMihwFBVV95cUxNVXFTYXRnLVNraFZ3VTRMbGpWY2dObTlCa0UxRTZYRUJlTTNBMlU0VTN0VlZmdjdOUUFRWGlNcEhSODhpYi1ocGpheDVUWmhkZDVXU29la2YxYzZJcER0bkFhVG5VSWNEMXpvVTNoNkJ4Qk5EUUkwd25PMTh0S21hUmF2czlWOHM?oc=5
2024-07-17,Grameenphone passes 85 million customers milestone in Q2 - Telecompaper,https://news.google.com/rss/articles/CBMioAFBVV95cUxQdkIzc0RIdExfNE1sWG42TGlZVm9qSWIzTE9qMkZ0cy14aDJhamdzM3JTdE5hU2RScmV5dW80TWlqRWVFek5YYXF4U2x1Z0wxYkhjM0ZZSGthSTBZMWxZd0o0NWhldE5PX25XZVpfNHRGU2ZHVXk4R1lSM3c1SXBJQVJocHdibVlNVVJrLWxpVGFZbE5ZbTJpZGw5MHpITUd4?oc=5
2024-07-15,"Grameenphone launches 'gpfi unlimited', a wireless home Wi-Fi solution - The Daily Star",https://news.google.com/rss/articles/CBMitwFBVV95cUxPa0dnSmo4elBCWWZiS0VkX2J2VWxQaEU1cUtfdllaYXRMR0JjZnA3RnBaWWZ6U09udmlYRUV0V2lTWDBXZEI2aU12ckUtTUJSRkxPSHNVN3Z4T2RJSXptX09ORzY2N1ZmcXA1MUxyaU9pNk4wWEZxcU13OUR5a2V4TDVEYUxSZjQ0TkVxY0FfMmI0YV83eGdUd1ExUlhZWGdZbmNER01HZlRfaUN2NzBrTENydjVNa2c?oc=5
2024-07-15,Grameenphone launches country’s first fixed wireless access service 'gpfi unlimited' - Prothom Alo English,https://news.google.com/rss/articles/CBMiWkFVX3lxTE9uSXk5aTAzSWVxXzFRYW5wUGo1YmpMd1VrcmRmaEpld0o2eTFXaUpKdzVHeVg1a1BHNkxHMEQ4S3g5cHJLMGdzdlFORXg1YkFEUjc1ZEpiQ3pKQdIBZ0FVX3lxTFBkNnF6Y2tvQkpNVGljSG0yQWIzeWVybWtYaWZ4eWlVbjlCSUkxTl9OVjQycy1Vb3pURmZheXFXWkZoQjhNWFZjZDVoaUtvZ1hLZjI5OEFLSi1MTF80aEhYVWhaMG8zalU?oc=5
2024-08-05,"Grameenphone's 3G, 4G networks reinstated in Bangladesh - ET Telecom",https://news.google.com/rss/articles/CBMivwFBVV95cUxPWVR3ai1oRFk4SjZQNW85S3VRZDdlQ2tscDg3MlNzUGh3OU41N3pPTFJzSEZzLW5STEJQNUhyRmlKakc4VFVhQXRjNFFPcTAxOV9rcGZjN20xcWtsdDA0ckZrbHBIV2tpUUFqVmgwN1RENkI0U0h6cHlDWlQ5ZUdFRUFyWTB2OVdQTkJBNEJyd281UFZjYVlidFpmOEFQMXZqdEFRSlNlWU9tT3EzQWR4ZV9SUTk5ejIzZmk0WU9FWdIBxAFBVV95cUxOcjFqX2VpS2JaVDI3MkZGSE1tTmh5NlY2VkotZWxNZDlzdDdYTTJEcFZUOTRNSUFUNlBqWmhLNkxHNlRLNTFTczRpNDJ6Z1VNY0x0UWEwU3RGSVpGY3hmaVNlc1E3SE9NYlBfU1BxaVljSnJ4M3ppZDdzWFZNc0JvY2lXc0Z5TjJ1Slg0eHE2SXdCclJTTUNsV3RmMUVFelllUmpMQnFxWVJxZ28tcURhcU81SEQ0Y0dHY0MybEthTXdKa1RS?oc=5
2024-08-06,Bangladesh’s Grameenphone to use Mobileum's RAFM solution - Developing Telecoms,https://news.google.com/rss/articles/CBMi2AFBVV95cUxQLW5yUmFsWkcyV3FyM2h6QTI5dUxyUzNfeDBPdzNkcWtCNWRneVp6MjEyLXNyaU1Xa0haclYyclNZaTFkWWZkVFFmamNiVF95T2dmNy1aYm1ObnEwd2tnVzh4bUZMYURnODlid1B4QXl0ZXg5eWx6dVdLUVR2MzFkNXdHSTlLZmxxQjVNdWRWYmkzNDU5aElKNVdwWmVLSVVhWk1ieGd4ZjZFaU96Y25kQnVlV0RhNklZbldpUzJGOTc0aXd5WmkybG9rOVJ6M0E3MkpBdTNpOV8?oc=5
2024-08-09,Grameenphone offers free internet for two days - Dhaka Tribune,https://news.google.com/rss/articles/CBMimAFBVV95cUxOcVlIcENrRDVYZUNuR19rQkdBQ0NtTFFXUXBBbGhtSHZkcjFoak5Lc3dJX0ZHMlhoT3ItV0xvRnFwRTlzTnRhVk1sX0dBcUo5RzBPUlRlN2s4R1RJWVhVcl80amZFNzUyZGJSNHJ0OUVNQmlqaXc3eWN1NHp1anRlc0VfelpnOTY0QWlFNW1aMkJneUU5eE95RNIBngFBVV95cUxNUVB2MmJ6aEJOV0I3NS1CSGQ4a001RVFIZG44Y0l0azVqSlVOTUVub1JiazEwdHZfTXlRZ2U5Q0lUd2FBejNNUEkyZmc2eGwydmVhZzY3aF9STmptNWpDNWhKVHk2RDhWa1BUNnh1YUpsYXZ3dDNMVEVCNHhNOUNEYkxxNlNCX0tJU21KdVZETFhXSlhha1VVLXNTaTQ4QQ?oc=5
2024-08-16,Grameenphone and Robi get more 2.6 GHz spectrum from BTRC - Developing Telecoms,https://news.google.com/rss/articles/CBMi0AFBVV95cUxNZWxkeFdrQzd5Sk1pNGFGZXFKME9oRHdHUWhyZFVPeVhHZUdpOGZjWk9oMDZVN1A3eWZXU1hKNVotMTVvTWMyZEN3WFoyaHVRQnZnR0EwRDc2enIxSDZBaUxnem1WcmdDYTFld0FLT0VjZkhoSEVsSk9PbUcwYWMxYnRQRi1SSmlaRkJfRWJwdHNoUGVWamM2OGF4bXA3WWR4TExBTFd3Y1BFcnJabmwxc21IX2JkVWJyYmxmTDlpRFdrYTRKRUpqU2FRS0x2ZGE4?oc=5
2024-08-22,"Grameenphone provides free 10 minutes, 500 MB internet to flood victims - Prothom Alo English",https://news.google.com/rss/articles/CBMiW0FVX3lxTFAzLTdPMjdNR1lIWFlOVG90MDFuX2hSMTRQWGpPa29OS2EwQ1Nvd0ljaW1FZ1dsVlhmYWg5c3VZVXN3YnZwNkNSa1gxRmdraWR2TXNwcHJYQjhoM0HSAWhBVV95cUxQRXRlWnIwXzhrUGlSaXNIcExORnhlMWRZeEFzdDJrekdDMWVHdW14VU40cFgzQUpCTS1RN3M2SE9yZEQxa0Rock52Y0xPeXhZdEpTZU0tU0tzNmxwbTBjN2VJNGlWcDdCaw?oc=5
2024-08-22,"Grameenphone provides free 10 minutes talktime, 500MB internet to flood victims - The Business Standard",https://news.google.com/rss/articles/CBMiugFBVV95cUxNSlNnRTVwTVJLTWJnTUFONW1IczMyTFE0a01nR1RwWWdSamQxMnktVERaMEE1YkRRMC1PVVIyMTdlVVd2Z2RwTlVoWVFBaDdEOEk4Rmx0ckg4dldCX0hHbFB5Ql9idTZBRUNGeHBqLTkzR2pld2xSbWFaRTF4UU1vTnZHZjdiS09aUXFUdWlfS2h2WU82MDlNVjFiU01RejlQNDE4M0xnbUhpVGg3ZGJOeXB2cjhhM3o5UVHSAb8BQVVfeXFMT0hZekJHUGxPZ3U1UXhhNHpjMXIyMkJmOUw5eElQdkdKbGZzSTVWQzg2aUtXYVBKem9hV2RucjBJZkdmRW1QbHVjeDRNWHM1Z0REMXBJelFxMVdoNjd3ZkhsU1VJOU9LTXpzd2xSUjNRZ2o1V2ctTTVTeHFmMFliV25aX2ZybGo2LXJHaDE2cklJR1NmTDFJaDZWX3p4X1RjYzVhaVYwb2M2Xy0zcDVrajZRcEhyMnJ3Z0MxRW14LUE?oc=5
2024-09-06,Grameenphone takes Bangladesh Technology Excellence Awards 2024 for MyGP app - Asian Business Review,https://news.google.com/rss/articles/CBMizwFBVV95cUxPRjRNbDFqQkFlZWVRbUxBQnMteUx1OGMzMjhWQnBFLVA3bGl4U3VQZHhkVHljOEM3VW1LSERSYjdnYzZoMEZLU0R0ZTRYekRRRk5IdXdhU3pqSml2MGRuLUFhOVhGOFlNS1UxLVVxNGNKVmVUNHBYcXNGWk1qOGNGMVdQQ1BlcUdNNXFsQzJDVUNHOVM1SXpQa3pEY1NJSFEzNUZmMndmOXdSZEptb1dORmJmQ0NzR1liZWc1UTdmQ19YWUpUSWp5LUlnZnFaMmc?oc=5
2024-09-10,Grameenphone wins Asian Technology Awards 2024 for MyGP App - The Business Standard,https://news.google.com/rss/articles/CBMiqAFBVV95cUxNSm42c210eFlvMnZzc24zQTlzU2lOMW9sR0RIRWtidHVPbnVKNzljVE1acmVFRmYxMndsX2E4R3hvZlMxUWRXSkg2SGgtM0U0dWtNc21HRHZ2aUp1VGVNSUhOM3RJaFlDSVdpRW4zVG1EMGs0b25YR0lId1JhSXE1SjcwNTYxTlpHcnBZNTV3NURxb2xMWnpGS0lxYUFqYi1pbm1yQ2tHZ2PSAa4BQVVfeXFMT05vVUNKOFl3elktRmd2ZktIOG5jcDc4TThqYTFLTWQxS2pFWWR4Q2pEcmczRFh2UHNIcV9acXhDWk10cmdMcmZBSmxZd0ZaaDNnQ25KOTVxNEowYlY2dUFzN2NYMk1FMXF4UmlxdjE5QUhMSS1iZVdIQUkyNy0wRFh0b1d0RFFqaDJzLUVvRUpYVVVNZ3lLaUFCcTdodVQzdWtHWlB5emJEd3NfTEp3?oc=5
2024-09-07,4G Smartphones affordable for Grameenphone customers through bKash ‘Pay Later’ service - Prothom Alo English,https://news.google.com/rss/articles/CBMiWkFVX3lxTE0ySDdVdzhSbVl3WTZGdEthRGM1WkFQZDVJQWZWbl9vWVRicFkwV1E0U3hnUDhaVWtMMkZSNzFxRzVoSEtwbUtqQW1YNmJnTF9hUUZZd2Z0ZVZBZ9IBZ0FVX3lxTE1haFpQemotOGx2NVViclg4V2h2ZTBWVVRGX0lZT3E2MC1XcldMWDhhaFVBUVUwaGp1T003T0tDVU92N2w1XzBib0k5Sk5ScE02TXBtT1NsMk9xRGxoVmFQa1RfbGozZkU?oc=5
2024-09-15,Grameenphone and Symphony Launch Co-Branded 4G Smartphone - The Business Standard,https://news.google.com/rss/articles/CBMiqwFBVV95cUxOTDlxRHNQSUpERW9jUzdyb3JOaXR2WTVEaWpwQi0teVNfcmgxNWtVdGwzMk5jM1M2VUx1WnI1OE9uSXNGc3V3ejhGUF9vRnJLbmJmamdKbnJTb3J5dXBKRzZkNjdJLThQaFBjWFNjb2cwM2JFdHRjY29NWm9mUXVvUF9EQnhydjJVcTQ3VnJUQW5waVRBSzNHWkg2SmozdGRWLTh2Sng4NW1GS3PSAbABQVVfeXFMTlBCTUlKVFozclUxSHdjbHZzdzJZNGV6SXVWZGl2cjh5eU5JNjBsMWplaHpoVHZIVzU2U3dEU1BHWWEtQl9Cc0Vha0NxWXF6Wm9IUlI3WDR3RF9jTUg5ZklBdnFhS1VvWWtqUHB5XzNFX2VwcUlXSmNJZjJLR2ZtbjE3WDEzNGptMjdneHdIYkZRTEtiZUhlYUlUN0wwZ3lhaUhSMGVVRDQ3VENWalk3ZFM?oc=5
2024-09-24,Grameenphone enriches customer experience with Ericsson - Dhaka Tribune,https://news.google.com/rss/articles/CBMilgFBVV95cUxOUTlBR3V0N3pnSFdLZnZNQTh6SnE1VmkyM1RmaGtGMDlUQkxSdEwtcmFMa05DckpTUzRRWTd6NjVKMmdCOXNjVTgwUGJBOGJNLUZ6MWdSeGpSam8xMnVhN0l4TkIwZXlfUllpWk5oTl9YT3pPVmNMa1Z6SmN1dmg1R3JnYWtJcmpIeEdjTkpNNi1oOVJ3bUHSAZsBQVVfeXFMTk5DRDRXNUVJVmwtUnVZRXZNTnJvUGRTVFpSbTd0Zm1vSDZtVmI5ektFVXdHYkU3OS15alVzN1gzdC12a0RaZkljSGhLZU5sOTVUdUpzWloxR2R0UVBvd1NoVzVfR3gtb0ZCXzE2N0p1YUw1QzNYcEZtR21xZ2VUa1ViQTlfTnNMNENWalZEcnd5SzgzWUF2Y09KVDg?oc=5
2024-09-29,"Grameenphone’s market cap gains Tk14,000cr since Hasina-led government change - The Business Standard",https://news.google.com/rss/articles/CBMitgFBVV95cUxOTjJVQV8zdXREZTdHdllFZmFoa2VoUXVFZXF5SzBtaktjSmhPZU1HQ2lCTjFwaUZGallNUDVZei1sdDlXZDN2OUVqM18zMlBQbG12S21BRFhBV2pIc2VTRnJtOWwxdGNMQ3FISGxOUW1vOE51SWxvNkd3MUF1Njh2UERwOXpNV2ZXQUctckFTUktud2VXYnQ1Y1ZBTFZJMHk4aXJjUGtRelRHT2RrYm5GUTc4czhaQdIBuwFBVV95cUxQU3Z0dkNXUTlqa3FPXy1lYTZXdXF6dkJNek5KalNWY01Fc2M3LWQtcjlrTTVYaE5uTzFmcDRfdTFmMGdTMi1UWEplUW44QTNnRThjY1hxQ3B0SGJJR1Y4WTRrdGU0S0tpN3kzc0xZS1lHRjNvOExrMnRpREJvYmVHdUdHbDFwZC1RNTRRQm5PUWd6b3NXNzBmSm5UeEptTUx2RFk0c3ZrUWQ2MXhGWUFDWk9ZZThxMnljSm5N?oc=5
2024-10-02,"ULAB, Grameenphone sign MoU to enhance educational collaboration - Dhaka Tribune",https://news.google.com/rss/articles/CBMiqgFBVV95cUxNOGNzUlg4WFY0aVhBc3YwZm1JaGxkM2MtV1BvdjRWZkN3amxFNGNnYVZzOXhnUElQOThOemNKXzRfX1pWYk1CdjFvQ2l2eG1aUzdPLWVZbGJOdUhJbHFXeEVPbnpRSzlKeEw0OHMyUWUtTFRRRHVzeXVwZFFqampRWDZrWVdZQV9yYlh4SFBMYU1xSjd5NU5sZG5MekNqc3cwZnR4YnF2N2Jkd9IBrwFBVV95cUxNbXpaY3dZV3AwYXFWbHZBY0owaVVVQjBvQm8waE54OThKMmdrQi14dnY0N3N5ODFKMVZJdlRGTVpCVmRnQzFCcThLdlpJTWJHWnVuSm9BbG5YM3B0VTR2cVRoVkM1VkxVUGVyQk40T1IxQXVzWU1kQ1MtcE5zZXF4bVhCRGxFbmhUVnZfMUpBbUxZZ2dzLVlRZkx0dTdMX0QwNE5URHNKbk5vSERKWmJj?oc=5
2024-09-25,Grameenphone enhances customer experience with world’s largest data mediation tool deployment from Ericsson - The Business Standard,https://news.google.com/rss/articles/CBMiuwFBVV95cUxOVm5JVGdyZ1ZWQWJZMkNqSDg1Q3g2NjV3VjhWaUFIWi1TaHk4N2ExVUl6Vlh0d2dWdUI5eTRsRVJqWHpBeGNJNWl5UGtWd0lKMHdUd2o0ekNuM29Xa2dMclhkUTl4NUZPekJsMUNpRG52ZjBCZXVzRGFXSk9QUHB0aHlaQkdZQkZjeHdQZ2Rhb0owaWxIYmRKRTNZcVRMalQwZVRfYzA1aWZPQmZrYkJPREYxcGU4a0hPUnRB0gHAAUFVX3lxTE5VbXNCcDRQelBFU2NPSnJSTndlZGRNMjNXSFpLbzBQTV9leDE4SDdZenBWaGxzTTdDNk1JZlUzM3pzS2Q5aVFURTVnVjgzeVRwSXFNa2g3TDZCQko2bmQyRWd4c19scmt4SnAwOTg3ajdKdGxtUmFXY1A4NVFjandicE9iWGc4Z3NOTE1Remw0Uk9PZEt3dUlYZjBLQU8xZ1haZno5Zm9XaUZNS1Z6cWJHZXdZanp0bXd2eU9EckhqYQ?oc=5
2024-09-29,Grameenphone contributes Tk 24.44 crore to Bangladesh Labour welfare fund - The Business Standard,https://news.google.com/rss/articles/CBMiuwFBVV95cUxOWDJTM3BDdVdlREpic3hrWERVaWxpeWhCRXp4ZFl6Y2RFVmM0RFVqVjhYSEFldzhVbXZ5N0RTVzhYNlE5c2FsT0dkLUdxU0tEUnpIaDFtYUZkQ2ZuT0t5c3RoUlVYUl9nRWNQTHBuSUxIZ3h2T2k2QjhndlNTaFR2WFpENl8zNHEzcjlLamo3cEpTUWUwQlRzUXJhR3hqV3VqdjRSVE5QOGU0VUZFbkozT1J1dFgydlFLb3R30gHAAUFVX3lxTE5TaVc4Y1ZNQXlaZENUaENRMnZpV1ZBZEpuX2hHZ3Yxb282R0Q2QVM4LXhvQ1VLWXl6Tl9Hdnk1N3hDQWs5TXBwX3B3dFVYSEpKNEFTT0U3REE5ekxkVnM5eDdMYy1hSU8yZ3FiRjZSSUY4ZWtXcDY3X3VZcmxYSUFxMnlRV3ZSODZrbmF0eW5UazdqYkNuUjdmTm45bVRlbGROcElMVXF0UmQ2SGNyU1NNZnVSNWRsNXkzazdmVWRqSg?oc=5
2024-10-04,Grameenphone adopts Ericsson Mediation platform for customer billing - Telecompaper,https://news.google.com/rss/articles/CBMisAFBVV95cUxQYVRRaS0tRm9WczhTVVBGQzRlSXl3OEx6MUpEMExoWGs0UEwwb2VQWkd2bWo4WXJXTHFWUmJscndtYkVfcFhPR3pPb3pTTHNJMFYzU19MRnBPa1pjd2ZBaDZ4T1hwRkx1Q0VEbGhRZFE2bVpVWnRPN3ZtZWlraVhWRmxKLWdBUDdLZ3RwdUNMbHJmSTcybWtSaHNrX1JuejhfSHBqaUdmVDhFMmJxRzd4dg?oc=5
2024-10-08,Grameenphone to introduce speed-based mobile internet similar to WiFi - The Daily Star,https://news.google.com/rss/articles/CBMitAFBVV95cUxOX1pTencwS1RzRzI2ZGk4YmpmdTZqVldfT0dJTlE1cjJJTHJMMV9RQXExV1llQjV5eDRteFJ5THZKX2l1SUU1NlY4RG9KWjBhczlmY1l3dFBXTk5qUUtzRmZpZ2MyTGtVUlZ2VXBUWEdHM1VOekUwaVV4alhKR2dxWjhwVHpBT1Y4anZiUURlc0dTYndJd3VSNmNIUnBZVlFHUXQwRktxV0xqbm10ckdVX3RQMHA?oc=5
2024-10-14,Grameenphone deploys Ericsson Mediation solutions - TelecomLead,https://news.google.com/rss/articles/CBMingFBVV95cUxPeWF2cGloNXlHMmR6UV92MUlDd2tsSlVZU3JFbEhkNDIyVFJ1UU5ZSFhFZFVZbkJldTJuUnkzWEhYZS0zeGdiNzRZVm94VWVNazdYNDhFVlEtWXpfZ0FCa29DNUYwUW9PV2JkeURiLVlaengtdkFZaUJOYjBFdlRtNGhfSTdEMXp5NV9rSXpfRndmOGtNWHFPNlFxbWV3QdIBpgFBVV95cUxPTENxLVdmbEtnX3NGTEhVb3RGc1pMaU95WHBtSGFpcWRidW90OU11VHZvZTFPaWFFSUc0SE1IbUtPQVBJZElWbmFEWlowcl9FWDYyczZVR2hkVDdBTldldXY0OTVRejUta21UWEt0QWpsTV9ZODVIamJPUWVSZmUzek1mclI1SkNDckVkMVZ6NG9ab0hjLU1ydFhLZVJCUi1sNTRMdkxn?oc=5
2024-10-09,Grameenphone launches Bangladesh’s first limitless internet packs - The Daily Star,https://news.google.com/rss/articles/CBMiuwFBVV95cUxOWGNWeUZKRVdsTjgtbElVdHUxSmxvODJfTFEtNEpacmthUEJrWHpqRXFqaXNGQmE3SEpLRFBlbEluU0w1aUZmbUxmRE8taGhkMnJra3Y2N3JIekgzOVVkM1VsWkRmckFlLUtqYWQ3Wjk1QTcxVHotZEVWWnNfdXVwY0JRdURCMWFvSWtybVJtaUlJSU1HcnNRSU9wNXV2RHM1aG8tdFQtcXZrMnRDM2s0WFZMYURGYklmcVlj?oc=5
2024-10-15,Grameenphone Academy launches 'Freelancing Factory' - Prothom Alo English,https://news.google.com/rss/articles/CBMiWkFVX3lxTE0xMGlxdkNCRjZzQ0ZqMlZrVkU3OXZha1dUTmU5N1NSVmJleTR1NjZGLV9NMWtDQTJwRUJiVEJ6bXJrY0xEYVhSWi1HNDgzdjd6TFFCcGw5T09BZ9IBZ0FVX3lxTE5fOXoxVEVwLUF1RkNoclZSMWpveFpGTjZMVVlpWTRIVzh3S3N0anZfcVQ1clVCZlQ3SHo1blUxZERlVE1EZEVXb3hJYmJJSU9HelBEc1QtX2cxLU1Cenc0UElPMXpmR2c?oc=5
2024-10-21,"Bangladesh Fines Grameenphone, Robi, and Banglalink for SMS Violations - Telecom Review Asia",https://news.google.com/rss/articles/CBMixgFBVV95cUxNbnM1Rlpzc2tPTHNSaG1TcGlWSG04aURVMGdyd0J4dHowRHFwYkg4c0RIRzMzS2VQX05RNk03VFU2WFlaZ3hzSEpIXzMtSkZieWl2NEZIWWMyeWQxdkZMQ3R0RFlWYWlHOFhIcXJfbm9ELWkwMUtaekp2ejA0NVhBTGxXOXFCTG5GWDFCWGlDSTZPOXgtZDJRYkRlRW16TGlFUk1EdzA1WDh1dXJGLU5ySi1wcTFNWlJma0FaWF9JQUI0ZHowWWc?oc=5
2024-10-28,Grameenphone gets new chief corporate affairs officer - The Daily Star,https://news.google.com/rss/articles/CBMipwFBVV95cUxNeGUxXzJLUkRKTWI0NlQtWXVtNTMxdmpGWlI4VTdObUx6R1hTdEFFOFFtSHdoallzNmJvaXVxdXFBWjRLTzF3MERQazB3V2N0YUt1anN3MXQ3dmRHQW9RZ1ctNlJWakVfSUpFWHppSDZXWkl4OFYxQk5zVWVzS0xMV2lxQ3Z0bGtxR3RiWHNWME04ZE5JWngyZ19jRnVjTEpsSjZlVkV0Yw?oc=5
2024-11-13,Building a Greener Future: How Grameenphone’s Eco-Friendly Billboard in Cox's Bazar Is Inspiring Change - The Business Standard,https://news.google.com/rss/articles/CBMiugFBVV95cUxQZ2dNLWRjTEtLTFJMN29wdXdmZG5jWlcxV1p3VzdTejJHdnRuVDFfbWc4YTFOcWZfTzk4djgySjVlNDBQelVkZlNVUWRlNGsyOEpmZnEtbE5GV1JFdXVuTDk4dUhTU3NuYXBoazBEQ2ROaEdVYjlDSVhWdmxaWmVVVFVWOUVwSjVkNGhqcHNTZkd6Yno5eVlBdHh4NVZ5aWFZOEdsTHhrNFhWUTZHUFFHQXZ2QmZ3b25EX2fSAb8BQVVfeXFMTVRPUVpnZW9yM25JWmhsY2lSZEhqN2tJRTlTNmdnNW5wVmR6Yl9fd2FLUUZNa1VzdE9JQlo4Rm9pUVIyRDNZa2JlYVdVb0NaU09GUWdYc3E0UmNoNWRGMm9zUUREd1BYekJ6dkdES1pqMjkyYmFmRkZWV3MyS0g0WExRcy14Wmc0dk10UURMRjBIc1IwY1lzbHc1UzVtX0c0eDlXZzVKQy1FODU4OVRfNk13OWY2RWh0Y0E0UFdCc0E?oc=5
2024-11-16,Grameenphone signs agreement with Standard Chartered Bank - The Bangladesh Monitor,https://news.google.com/rss/articles/CBMisgFBVV95cUxNaWY4bjdJa2FPSGI3WTlBUG5OX1JqZXlwelhPQkJvUTFSSnlXYUN0QzA3V2VLbUVKVERIZWY1THpTYXB5bHkwUV9YS0dhNlM0Sm8yWW4zTmcyN3FXWXRTQ0hnakJkMWFXaWt4TThBb01rNHhLN25MWkN6dkF5TXBPc3ozNnRvRUdyQm9YM3VFQndEN2lTZ18xYUtRMVB6amw3czJCQ01WMVJ3VkhJVUpwMWFR?oc=5
2024-12-10,Edotco Bangladesh extends leasing agreement with Grameenphone - Developing Telecoms,https://news.google.com/rss/articles/CBMi1wFBVV95cUxOMUl2TVBVemdyUUpXWnUySTMzQmNsYl94aVNGakVGS0lXeEdpc3dneFREMnV4eXBERHp0M0VBR1FOaUxON1B1bmQyWVU5UGFnallndV85TEhZT2V2YlpFUXM0YjJPbHd2LU1kVklGVXNiLWtZY2d6MjBTZHZMN0drZ3EyNUdQQUVrRG9YX2dqRExLS2dGeTF3NGQ4LTFGd3NXWHBkNC04ZGlfaVpZb0MySWxJcXBCNlNJQm53YjEtb2dTM2lCRS01TFNiV1pfaXUzUGtaZ0Nycw?oc=5
2024-12-09,Grameenphone extends Edotco tower contract - Mobile World Live,https://news.google.com/rss/articles/CBMijgFBVV95cUxQa0dqdzFNZVlJX3BseGVsbEJTQi04d3c3VEMtTko1ZU1GbGhNRkJPSnZwRTB6MnMtYXhndWRwakhJNjVIMWlMcjJ4dDBYdlBueS1zQ3dTNmVwSm5IUjZMc0lodWlvOFMydHp3dEFQYUN5ZTBWQkllUmlKX1ppd01VaXZvYUVHLVZRaFZqYlhR?oc=5
2024-12-08,Grameenphone launches Probashi Pack for Bangladeshis living abroad - Prothom Alo English,https://news.google.com/rss/articles/CBMiWkFVX3lxTE53bWtXMHQ1aElfNVN1T2l3X1c4UG5YM1ZBbHAxU0g5cWtvdXhqTEVqTENGbklKTkFHNkVfRkVsOVZaOVpNMGRTZ1kwWi1FeUE1MG5FNnpOamZEQdIBZ0FVX3lxTE9PdG0yQ29nbTVuYU9SOFoxVU8tZHlYXzg2aUZTT2ZLLU9fb0ZnTHFzX3BVclBzcVIxdHJZQzF1M1hMS3c1b1J3Qy1IZFhDOFNaQ2hPb1BJejVVOEtMbGlaZTVPcGhsTzQ?oc=5
2024-12-08,Grameenphone launches Probashi Pack for NRBs - The Bangladesh Monitor,https://news.google.com/rss/articles/CBMimgFBVV95cUxPc29QQjJ2cmt5LUVnejhjUEtLbEpBTWh4LXByRHV6SF9rRDZ0Q0pEakRvalY5b3hoX1F5WjNGQTYzMjZkdEpCM01ORWdzYnBhREZIY1U0NmJtREVMSEprMmxRdVFJOF9FTUV3X1hMVkd0eTd3Z0tPWHdsY3NhVTdVbnFoN1dmMGU3QTRKNkxMSXBZNnpFYWJDM3ZR?oc=5
2024-12-12,Grameenphone appoints new CMO and CPO - The Business Standard,https://news.google.com/rss/articles/CBMikgFBVV95cUxPVDdxalk0N3VKQWhPb3dteFpSOFctcmkxOHU0d0l0U1RfSEdLZHhPTWlWVEFXM3F5Z0tqZF9KcmkwZEJvM1pjbGswa2YwSmtUemkyT1V4T1luR1oyRy1qM1o3OUgxUHJKUHV5OXBzSnFSYzg1UWZPWm5DMjZERURpMmNaWjdIaE1PWGVVVlRsMHh5UdIBlwFBVV95cUxQS2tuNDBOU1JKenJoRGlISFZ1T1FCazE1NlF1X1pUWWp2T3loUzBpSXdCcFhfZVNZcXFaSHM5M0E1cUpvZ3BTMmZnWm9XNkJ2Nk9ZSDFfaEFtc0tNSy1PXzA4cEw2VWtOVE41Q0EwSHVuUGtPdUFwUk8ySGNWam8zczM0enlDNVZzRndhN3QzTnBRdl9rbTIw?oc=5
2024-12-17,Grameenphone launches limitless social and video packs - The Business Standard,https://news.google.com/rss/articles/CBMiqAFBVV95cUxQdGZTVmNhQjJjR2tLWXV3Z0xXRDdFektwUDBPNGMzMXRrZWZNUTNVMnZpVTFrdDl6Tl9TcC02MWNoZ3UxVUlkX3dpa0xETUw4RWdvbE8xVGtXZGFZcmVkN2VSSkJJTGRzTERaeE9lNUlrWmdydVV6ZnVZY2pDY0dXTXExbW5wQlQ4M2FMVzhDN3ZQd3RpOVNTbkNxWUdZV1BhZGRSUVlFNHrSAa4BQVVfeXFMTUVLNTJxQjRFYWo3NE9ZQUJoQV9qSTdfZ3U3eExpUHJod0lyREtxTG1IcHdDNU5IaFctRjItaGNFNlBDelIzaDBWQkRBWU5wY0hqWExlbHRpWUs0Z1BUYlh5UnpRX0hsem1pRXFNVWk5NFBtYXl5T3Ffc19zOEo2bHlzWDR2RUNZNFRMYWNFbDJGZDV1eHVUM3RxS2xKS2h0NWFLdEFDcnU5SkJHbDFB?oc=5
2025-01-05,Grameenphone senior team meets Southeast Bank MD Nuruddin Sadeque - Dhaka Tribune,https://news.google.com/rss/articles/CBMimAFBVV95cUxPZDdBUVhRUE5JVWxtMTkyQVIxMzJuV2dUNVJiRkx6RDN6WHZJUDdoMUpUOGtIMWlpSFZWVk9Za0ZSY2RyVVRXUGwwdGJ1YVVnMldINzdsMURFQm83bklib2lzMmFPYTJodmFQX1hvRDU4eVp1VGJodGhoVE5kbEtwODlqRDFBS1pOLVpPOVM2Z0dkVjBkc3hXOdIBngFBVV95cUxOM1lzQjNaZTRROXdnaUlPZ2xzR1NyQXBkSmd1NlphUm9WNXltODE1bjRUb281RTVnMzExS2FYcnZhWGVla1Y0cDRCQXhaNHFueDNCRURENThmS0RHdjZxcWVNSktwTTdOeEx1X3laX1Z5ejhxVmRyQ2xack5JbUV6Y1RJdWtOX3NMTThjZFdQblA1RWJPTkNDWUhQMGttUQ?oc=5
2025-01-05,Grameenphone senior team meets Southeast Bank’s Managing Director - The Business Standard,https://news.google.com/rss/articles/CBMitgFBVV95cUxNSmdQeEpOZE43alVsSE02YXN6Y1ljSzNYZlI1Y0JvbVBFR09jR2hETGkxQUo3Q09FR2FqWmp5WE5PYVgxUDlSenh6MzdGX2VzLUprNV83OGVObFd6OGxHeV9kcGx3d25iSVRQS1BIRDBXODM0SGZsRF9LWjNha09ncDVNOEQyYzVoOG96S05xZ2ZPTGR0NWwxSV90ZUxJdGxMNU5XZWhWWklVTGpaUlpPeVI4RVZ0d9IBuwFBVV95cUxPd3FFNGNzVnlkeWVTREpMN2x6UG9CRXhRWjQ0NUQyN1B6MkJ1djEzTHFUYkxJUlo3TXowSGZudllvVklJSUtQOGR3R0JOMVY5OUZwUkZickc1b0xidzRJZ0ZOQ0k5VUU2S19Zbk5oS21TWW44QVVxaGYyNjgweHJwU1dmZFlrUGdWb2VCaG9VNzExYlhtR2FfM3JxMjJZM2FLVFlYV1VqMl84djU2ODBuMU50QmNOTjJtSlpn?oc=5
2025-01-15,Grameenphone Academy: Bridging education gaps in Bangladesh - The Daily Star,https://news.google.com/rss/articles/CBMirwFBVV95cUxOYjBOSkNaQm5tWnBPWTE0MW83RWdZZVlsUk5vWndiRjFVY3pLdGRXM3RpM0IxY2tWZjhKZjZHV2FNc093ck9aTFVtUWdVaXBRaUZrYWN4akl1MXRfdzdXNDl0SWcxSDhRTjVxcEdDTGJqdEpWVG92N3RKVnVFdVo5UWFPSDVjY2VQenA2Rk8tX2hWVHl3Rm0wZzVvWS1pczI3Zldxbmc4emZHOUVhYllB?oc=5
2025-01-10,Grameenphone and Khana’s launch Fantastic Friday for GPStars - The Business Standard,https://news.google.com/rss/articles/CBMiqgFBVV95cUxOTjRRaEZJcXVCUGdZU3QzSk1LYzhRc1ZEQTZ6Y01YRmllOGZja1haS2l1Q1ZMMGU1UDFsQW5aRVJOYW9STTVfRTZJR21hSVNiV2pIM3lMV3QzM0x0c01EcWhfcTNjUml6enJtOGpZYXQxXzBvcDZjYjVwTnJXdzBQcGx2cWctT2hld0kwaFI5SFpma2NtSE1TUEVoZkZuWXpjV2VJNjNaSlNId9IBrwFBVV95cUxNVG1uNzBrU21hZ3RaNDl0aWIyWU1PakFkaHFvdVA0c3FsU2lpM1oyUWlta3IxM1BXaEpVZzFFR3FEU3l3WXphYVozYjR4cWlic2ZIY2tXTlpnXzVGYzJGMm5QOWJYZFFBUUpTOXlpRTIxaHQ0dmFoV1Qyejg4QlZnZzJYb2dnVG1aVlNkQjFocV9fZlJrX1JBQlBLQmJNeVVqeVdIcDZlaERvN19LdlBv?oc=5
2025-01-22,"Grameenphone on blending the power of internet, friendship to better understand animal signals - marketech apac",https://news.google.com/rss/articles/CBMivgFBVV95cUxNTzFyVW8wZFlkMkJEV1dSOUlmMXpLSFRwNkt2d2dwUlFSZ0luYXUyelZpWHBtVkp0REFVNDR6a3RYR0J0MkZqb1BGYnUwRHg4djgyNkl0bmRVS2g4bU1EQkZNWlFwR2dwVHV0bUhyaDB3d1JaNklDc0NpdUt2UGpvM1Frc3Y5ekVtRVVMWmZTWDhLYUZzVWJZT0syYy1uYkk2VC1vNHBWV3c0UzZDRC15NkptbC1uQ3RtcnU3NWRR?oc=5
2025-01-27,Grameenphone taps Ericsson to implement AI-based BSS capabilities - Telecompaper,https://news.google.com/rss/articles/CBMirAFBVV95cUxOclRIWkwxQ21fNFNyWmFIVFZtYWhQMS1sNkluZlQwYWVZdkxWcmItM1lLQWlFNFJoRkM5anpKOFRMcVlHT0NpZzlaNHl5dTFfTFZXeWRDUXFuM3ZsZjhxbklmakZySHhfZUhEX205M0dQcTFUSV9vZWtoQUtFU29XQmE0RGo2YkhWM0Nadi1NWWdmVmNFTWx5Vm1Xem1mOXY3UmJzU1hRV1J6bEhv?oc=5
2025-01-24,Grameenphone and Ericsson partner on AI for enhanced customer service - The Business Standard,https://news.google.com/rss/articles/CBMiswFBVV95cUxNTHlfa3dmbUNiS3lBSjBacDd0V0FyS2wyNmpWVkRhYXpEc1ZnTFJzMVlRV2VNY25Za3lLYzA0VS04NHlvaWl6YmRGOVBDSDJCeXpxQ001SGhVd1N1ekgyNlR6VG84R2ZfbWtZQWlJdl9jYzNGM2I3SExMLXlNMHZKLTdyZkxVeTVxT01hd29NVFdiUzBBemdIa2VtOTVUR29kcFJDVXpWYUJXWWpWRmR0MW5uZ9IBuAFBVV95cUxOUlVPcDJsWHRBQnBadEVocHFOS0xsUXhLX1o5WUVIZ2ZZdjVKdXN1X1czVE5YUExqSEN1NWdQMnJJTGxZd0xqZzFoUnVfTmNiT21ZNnJ5NktOYS1LNTUyOHcxS29DbVhCSzB6MF9wcHhXOGstbkxXYldBTlBfSlRVaGZBME1uTGZOcHVFODc3SWp1bkZQZlphQlZHOUFadlZpU2Z0dWthX0xrc0paVHY2WEhWQjNpUURE?oc=5
2025-02-05,Grameenphone employees stranded till midnight amid HQ blockade by former employees - The Business Standard,https://news.google.com/rss/articles/CBMiqgFBVV95cUxOdDRMaHVib1kzeE5OSUJVTEJHUzBEdGctbVlhY19uNk01dGt2dkNsQjA0S25VcVM4MHJiQkd0ejBOMHM3LU91Z25FbWNvRnFVZWxVT0RBcGFndE4tMnV2TzBkT2JuZElXcmRmTkxrQzZxRXhQcEtPc0djN09PV2FJXzN5Nm5oXzROeUl2ejdzV0pLOHRtcXFlaTRBbHVENS10WV9yaHJTQ3VwZ9IBrwFBVV95cUxNU053cVh6OEZqNFBwdTNSVUdSdUVOdmR4Q2kwWXNFaDRhQXliZ2dBTmNMZ3RuaWVWWkM1dUkwQUdGSVVJV1lKYjBnSXNDcmxGRGZKVVFlcndfYmJ0NHp6ZE9Hb2J6Y19iYnluWkxPeFFsQUVjN2Q4VjFlVnV4ZVpoMHJrUHh5enhOUW5scXBCbllGMEdqQ1B2TXJlTkpSLU1QY2lUcWRzamU5NUxXZDJR?oc=5
2025-02-05,Grameenphone declares 170% cash dividend for shareholders - The Bangladesh Today,https://news.google.com/rss/articles/CBMiUEFVX3lxTE9oNWpCT0M3X19HeGJMNjY4R0FFbXNsblhVS2pIUExORWx6bkNDWkJCWGd6a3czRHluUDRWQzZ0c1RXQmxKSGRieU5hbUFFWnVX?oc=5
2025-02-04,"Grameenphone’s profit rose 10% to Tk 3,630 crore last year - The Daily Star",https://news.google.com/rss/articles/CBMipgFBVV95cUxNS2tVeGVKYkZtWGlmSDV3UDIyTzVrSHJsZEJTcUhfX0tWWlpVVTBCUW1uQnJaOGRQb3lncDFzdjFrRkpGcTl4dDJXbDdVQTBWMWVzS01XbDlkUnFQWS10dEl5cVR6eVVMSnlZRmlfVjd1Sms0TTR1QXBadldDUVMtVDctVEpaZEF1MkhPTTdub0lIdG5RYjBIV044VGZ6UUp4X3RBREhR?oc=5
2025-02-04,Grameenphone declares record-high dividend - Dhaka Tribune,https://news.google.com/rss/articles/CBMimAFBVV95cUxPMnJqdnFZeC05WWExYnRSaXJDNkFmbDZnb21pVTJqVU1yY1pUVVVGN01jUlVaaVl4eUE2RjVYMmxZR0JreElUYVl4SS1pZUFqdzh3TXdUUlQ3MUJZcmNnWGhMU3J3S3dndG5iR3JkVFJPekV3bjd3aWZ4U0RrYS1EZWxBM1VDYmlWR0lmb0c2azJTUFRPMmc0etIBngFBVV95cUxOZ0ZUUmxwd1llZTFEc1NFNGVOak8xellCZXBaeGNCMG1CaHhBTWRWSFZSV09EZmJGR01xSmlHWkY1NXk3NEZVaVhIUE9Td3BrOE0wYS1aLVdHVG15dDFnM3hwNFhzYVI2TzMzaG0zdkstNmNfSGFMZ0Z4ckl0NmtDbUpnSmRLY2pqd0otTmk3dmhhWHlabjlHVXhMN2Jydw?oc=5
2025-01-30,GP launches Bangladesh's first green Grameenphone Center in Sylhet - The Business Standard,https://news.google.com/rss/articles/CBMiswFBVV95cUxNU3NBNnFFalQzTlotZU5Wa3lWUHlENEFxcER0XzNXNTZQX3QwTnJjWHgwYmhhXzhNcnpUOVZfQWljNm9LVEdCazdBUll6Tnd5N09vV05XY1FHUEE3blM2RlUtUGVpZS1JdVFNYzY4dHZobWpxN3lmQWJVQzBPOF9HUU56blNNQlVlWVoyTzB6OUxybEg2YURQNTBWNENmNDVndGtQVGFIOHVPRlBEOTJYaFlxb9IBuAFBVV95cUxQT0M4dHBMdEE0bm1nRktnbHBMOGpjZkV2QkFBcHM2aTlITTVQRWNLWFpydFBtQXBJXzBVZGVoT0tLSERoUGdFcFp6S1pPd3BaUzBhYlYxWENvclRycjR4UDI5RDhYVzRqN2tEVzZncEZLNkQtT2piQ1Bjci1NdFI5VS1OOUpNblJaak53MHBtbENOM3lXdkhZZTBGNHdINlV4NG0wbDctT19IaF81clhWNWZaLXZwWkl6?oc=5
2025-02-09,Grameenphone launches nationwide #1 Express campaign - Prothom Alo English,https://news.google.com/rss/articles/CBMiYkFVX3lxTE1TNTAtdmpxQWYxVzI4akN0M3lQN3hycDFzd2JEV1ZwYS0tSEI3SzRuSWsyN0NfVTZFaHEwUW5OdTA3TUM4UTBubV9ZdGVZWnJ2UEFySXVrZkNpdEhWWnJuNDVn0gFvQVVfeXFMUFY5d25xTTRRZ01aVm1Cc2c2OHRWY3c2Njh0YVRpNURaOF9xQUtEeDU5Mk1vMm5XMWdsaFRYbktJWFVkcmRIcmlXdWh0V3NyYk1LQzdnS0pPYWZId0VJelFOMXhaQ1RnSWNSbnA1bTZ3?oc=5
2025-02-17,"Grameenphone market cap surges Tk3,551cr in two months - The Business Standard",https://news.google.com/rss/articles/CBMiowFBVV95cUxQQ0NCeXEtVWx5SjE1WHBxZ2tWRVNGTFMyRlNQZ1QyRXNnRTJpRXJsanJVbUl0T2oyeEtuX0R3QmpIVFZVTzlBaWpMbmdBWEhQSXlhT3lCNldRN1lzbTQyRWFNSndiRmhHc21FSUNLMXJuLW1qNXZYYzNGWl9Fc1EyTjU1aDlBUEd6RnZQNVZublgzMzU5MHdkTjFmLXM4R3hnb3FV0gGoAUFVX3lxTE9SYkVWUTA2bjJ3U2pYd3hBUzVkZlRJU3ZQWU1iV3JSdGlVYVhKR1VYWTRpOFNKUXQ4TXBIMnlrem1JbFhyVDlzNVRVU3RGc3FCT1owT2lRTU1UamVVWUJnMF9vNnB1U2N3b3EtVG5OUXFncDBOTGFIQlB1TnFwTXRTSFl1M2hoNUtJR2Z4cWl6dmRwQkgtdVB0SlM5QXMzamtzUzBPREdueg?oc=5
2025-03-25,Grameenphone hosts special iftar for GPStar Customers - The Business Standard,https://news.google.com/rss/articles/CBMiogFBVV95cUxQclQxd3RPSnVmV0JMeG1jWV9EQ3FNR0dDUlFrWkN0XzBUZmJmajlQdTBUeUYya181bGV3QnJaUGh3SWpXQjVSX3hWdGpydTRiUkJNMjZZdEk5YjNjeno2dHMwejgtVlVnNDREZXhYVGN0MFdaQnl6UFljekpzRVRDOWRHbTNxcU9hbXlQMlV0cV9DRktHV195dUg4OEVxTF9BQlHSAacBQVVfeXFMUENSaGFFV0Nnek5nNkJjbnZkRmNic2hHYVBiMi00WVBIT09hU2dXX3ppUmdHb294NWVraVJMaU9QbTduRGlid2R0aWFEMGMzWkFTVUt4cVk0ZFh4NGd6RDRMem9fdEpYRUpRTlRKWm9Hd3dMQmtyTF9URTc4ZmpnTDVlb2l5LWh0WEdTRDVvLTdvR3ZRR1VhUnlyX1VGQk5RWkxjZkFJTUk?oc=5
2025-03-29,Grameenphone’s ‘alo’ Launches Eid Campaign - Prothom Alo English,https://news.google.com/rss/articles/CBMiWkFVX3lxTFBQUUtCZlpaeHlqZ0EtVl9QM2FMQzRxaENReGg3SXNUMlhBakVyeXBXcUhtNkJ1YTh0aUZPMnZ1WThOcm5PM0RTek4wMXF3Z0ZuTWVrWFFVQ3dYQdIBZ0FVX3lxTE1Ic0M1SFRKNmtqRlFpUTQ5T1JMZlRRSmxmd2VEV1YzVTh6allzeWw1NEk5S1dBVVpqSGhvX3dYS1JfV0VpbTBkOW1ydXlaNjdBQlBKeXVMSWc4ZDNQa3AyRVFGRGdodmc?oc=5
2025-04-29,"Grameenphone Q1 profit drops 53%, nears 85 million customers - Telecompaper",https://news.google.com/rss/articles/CBMiowFBVV95cUxPOUVteVBXQjlMR0pZVnlwRE9zOXJWSUpkeTRuOENPSWxzUmxBTmE4eUJlV20wTlNJXzJrX1p4b2dtemVMckt2MzN5Zld3VGFacXdXeHhYRzNOaU5adl9UbTRhdDh3UzVDUWlhc1BPYktMUmlPamlhQ3VxN2wwRGhCRzRxWWZjUVE4ODZsdFR5QUFCaXJySlZRSkhORGphNnAwOUJF?oc=5
2025-04-25,Grameenphone first-quarter profit falls 53% amid data pricing pressures - The Daily Star,https://news.google.com/rss/articles/CBMivgFBVV95cUxPLTRtQURiSWd5cXIwaWJubDFISFllOHNZNXgwRzJFXy1jX3BOSEFnb0ZPdllmZW9OTVJQa1VoNy1DblhmVzFwa0tkMy1uRDNOWmFNQmRmUHNQbU1ILU1CNGFqajNXTjNFN25BMjFlRFo5eHRhVjBGeDFZa252WWpMOHQ2Y0xIMHdJTnBTWDRvZ2pfZDJXS29KaDNjY3FBRFY3Nzdyd0haMnI4Q1ctM1lpVzFkTVRWT3NsQjROdEJR?oc=5
2025-04-25,Grameenphone’s profit decline by 53pc - Newagebd.net,https://news.google.com/rss/articles/CBMiiAFBVV95cUxQVDU0eUs4X0FqM0huU3VqYTJqZVZqbWNDVkp2NXQzR2RZdURMb0poaEJQc3EydkpGamZwMFExejlLbnM1RV9rRXgwa0lCZURmWHZsQmFiSi02bFg1RFhONTlZSGxudmVrNjhtNTlyY0Q0bmFJaElJTF9yZVBVWE9USGlPcE5MWFlZ?oc=5
2025-05-14,Grameenphone users hit by network disruption - bdnews24.com,https://news.google.com/rss/articles/CBMiV0FVX3lxTE9fR2RyME9SNkpXSGNEbkNTYldxTHcxUEJwbWFtRHdoVklnV3R0V1FmUTNTVmJFQk91d25XT2dnbUlOVkVJaHNJdUtQVXM0djFqbzFfMHhmYw?oc=5
2025-05-13,Animal abuse outrages citizens: Grameenphone condemns incident allegedly involving employee - The Business Standard,https://news.google.com/rss/articles/CBMitwFBVV95cUxQLWROalh0VkNHeGtxd2pSNlVra3JXV29lZnd1c043Q0dOVEhLV2YydlJFSmFRT0lKTnhGczVvbmc4NlpOSjdxdXZnenlQRmhCYlc0TXZNRkRjaW44Y3dkTGdUUTVmT2s0Q09FSEpsQ2tfM0lOeU5jVVZ0U0liYU5LMC1rS2JHam1qaGRuTEFScGlIYjFUelI0NlEzR0ZBWUR5TXlJai1UY1QxME9kZDA5Smhpalg1QmvSAbwBQVVfeXFMTTh6eFVKem9wMVlwMVpESHdXcld1TU83ZkVLUndfRUVlaDhwRzZacXNETGo5ckRQMWhLNnQwUm1vRktDNHRUbzVQbXdTcExoZFZYeXJORDFRajJvWGlQSkROLXZaclBndkRieGlTOUFhclhYZF90UGtDLUFmTm9WV0RabWtjanFibm42c1RMYkkwWVNNQlRhVktKT1ZFTWNUWHN6eWpsdTZTaEFDT2F4Q1BDOXhaTjdUcEF3Mng?oc=5
2025-05-12,Grameenphone offers 10% discount on Internet packs - Prothom Alo English,https://news.google.com/rss/articles/CBMiWkFVX3lxTE1leUUtTkZUM2ViMEZrRFg2ZjJGcGxiRTRSbHpWU1hNNHVQeldwdGZGWlZZMWt5SmdBbm9pd3ZxVlR3Y2JSQzUwYm96bU92VzlaeXVGU1VwR3g0QdIBZ0FVX3lxTE42bVdpdTktVEotOVJMaWpWOWxnNEFTR25fMDdKYm9tWXF0YzUtU0ZzLXpITUxKeFFNal91c0ZaenVYbnpILXRPYnZwRk1pOGFfNjBMYWdNZy1YM3pZQTFKUDBBeTViMTg?oc=5
2025-05-18,Grameenphone and PalmPay launch cardless EMI for smartphones - The Business Standard,https://news.google.com/rss/articles/CBMiqwFBVV95cUxQWE9yYmFrVWZoUEU0RWxic0hVaFJ4XzRMNGFndTZOR2JkNTZWMnI1bjAwNk5zUXFLclByb011U2REcFZHejY4bU1tVVVCNmFUZ01Oc1RZdjhLWWs5XzU0dFgzeEdLTTcwSEdjbG10VXlka2FQUkVWdkJYU3BWdTNPT0t2MTUtNGd4LU9Wb2t3blBxYmtpQm1ETkxVcjBkZ09sVS0wMVFsYjYzM0XSAbABQVVfeXFMT0lpWHJOaTk5T1RYODlTc0FZOGw3aG0xbm16U2FibC0tMWU0YlY0X2lGMXE3QXFsVjg1eGJKS2N2bFFGdzNVeWxldEozWVU3bUMyaGR5Q2lsdTdoSXViNms5ZEpYdzV4dmFhSXhIN1Y5bThzQ0szYmEtbzJlcUZyYU40RkhHVVVhX051TU1PcC1pVDhvdTlhNUltWlowUzZDaE9jOUZ2QldLLWRUc1dXdWw?oc=5
2025-06-02,Grameenphone launches new centre in Bogura - The Business Standard,https://news.google.com/rss/articles/CBMilAFBVV95cUxQbzliWFVuV25hcFZxVDNHQ0xuVFhxa2xaMVk1SEtVSVhSWEpJUWJEMFU5cjZIeDBNYmU2ZkxEWkRJQWZZdzRsemsxVTVaSGoyRTF6RTItSlRSc1o1czF0RWJkNXlrOFREQmdMUzFmeWI2QXhicWNka3RRZWliM1Nyd2gyNS1SR0UtTlNKT183Y2xCVzh60gGaAUFVX3lxTFA1RDZjS01DN0pNbnprVzRrVDhSMXBlZUhJY0FxdjdfU2lsWEdHWTRZMFdIYXdyc2RNNzdRYzllZHUtUUNYQnNRVVl3eVE2Y05EeElBQmtnQjdxOFRuSnNJZlpIV1R2b3RiWDdaU2pRbllINE9wWlpfcjhIcGFjWnUyVXhyWXNMaU5IVkY2OFBtZE5qRWc0VXhPM1E?oc=5
2025-07-10,Grameenphone One ecosystem unveiled - Newagebd.net,https://news.google.com/rss/articles/CBMihwFBVV95cUxOckFMTnoyOXgzNXpub2JEc0ZRQUtlU1JNWEZuWDhfekVHYzlMTGkxVkxnUWZaZTFoMVpHRlRiekRBN0RMSTJBdnR6LUowREx0WEFnYlV2dV9la1I2ZVVVaC1aRWtUOUdaUGtRMk5ERXVrSmYyTld4a3FCaG1nNkg4LUxIMXY3N1k?oc=5
2025-07-11,‘Grameenphone One’ unveils new ecosystem to redefine customers’ - Prothom Alo English,https://news.google.com/rss/articles/CBMiWkFVX3lxTE5nYUtzOTFwWk5PdkE1ZVY0a0x2VkxxZks0XzhiUUlyb196WVlvT01ISllwQk93ZGpCVzlpaTYxOWN3WEw3TUlHZTY1LWc5WHVGS1pDUlNUaWEyQdIBZ0FVX3lxTE8wQlh0Q0M1b2o0T3FPUEJVMmdpV1pSbE4tWmN5Ml9Gemw4MDJIa3JSMmQ1Mk5hZ2pwM2pxdTFoU3g2RjQzdGpMbks2TGlMUkk4TUlONWdDR1hPcFZMMUNBb2ROYUlnUXM?oc=5
2025-07-11,'Grameenphone One' launched to drive innovation and digital empowerment - The Financial Express | First Financial Daily of Bangladesh,https://news.google.com/rss/articles/CBMizwFBVV95cUxOYVZWV21mM0dqaWpXVENPSWNESkJ3Mnd3Q0h6bTAxOHd1cWV2ckpfT2RvaEZGN3E2SzhhMDVCUUdmU1ZFZmQ0RUF2WmxCZWo5c1ZDeGhJMFdERUpYZWg4THkxaEFkRUN2VUhoMnVVeFdHQVlBYzNNeDBfSnNPZWJ2UXl4U3hPRlFRSmhHTmZ6T3E1ZUJzMG12TDl4aDFxU19iZnFvdzFITGpPMXBNZ2JnR191U2NQNnNPNjZuSU9GMi00eGJmdDZzTWZ1c21waWvSAdsBQVVfeXFMTllocktIeWVldFdWUy02NFVES2NDNUVPOU0tdTIzajBfS2NTNFFCUFdhRFIyaERiWFhxb0pkVFhjYjJaaWlNRGhudG9YTTBVUTdtQnlNVy1sQjVsSmFtRXF3UGl1SGdBWmlOLVlHdjJUaktIbV9kZVYwT05tOEFyQXg0VjRoQnZVTUpXMHZrbU5hb1VLOW5qQWJtbWpuLU1icFBoMUlXSExLSnc5Qy1BXzJlSDRObFNoWTBEQmtmVHQ0QXBRZU1zQndFYmVoUDN1M0NvOWRobHh5UnVr?oc=5
2025-07-11,Grameenphone launches ‘One’ - The Daily Star,https://news.google.com/rss/articles/CBMihwFBVV95cUxQUnZGalZPNGc2a3pRQUlzWldjbW9rdmt1elJYa011a2drdW81VGpGSE1EZ1MzaVBYcFhiNGJ3ajZPeTgteC12RU0xSFk1UVJaLUVtN2Rab29aYlJZVWtqdlladHVPd2lUS0ZKNG9BUUNqTmFaNUhyZ1ctWVR3RGNJVXJUX1JUeXM?oc=5
2025-07-11,GP opens ‘Grameenphone One’ to transform digital ecosystem for next-gen users - en.bd-pratidin.com,https://news.google.com/rss/articles/CBMibEFVX3lxTE5pa3FOV2Rqb2padXMwV0Q0OU9ocmoxN2J1SlhzVTJuaTlOdEExWTNpU01WTHhmaDJMNjFfR2FyVWJzQ0JELUZydG9obEtuUzNQNHZweG9FZWlReVJ0b3EwVVB1bmVmaGF0SENFUQ?oc=5
2025-07-12,'Grameenphone One' unveils new ecosystem to redefine customers' - dailyasianage.com,https://news.google.com/rss/articles/CBMinwFBVV95cUxPalg4dkpmYWlMczljck5QVVNqSlVLXzlmS0hhMDZjZ0xzamlUREVhajhuWmtKRHoyV2dLeFVFY1laN3E1QVROU2kwaS1GRHpPaUJSdnZvSENyTkg0aGxqV0pVN09BbU41Skdic0dzZGhjU2F1TnR0UTB1ZHJqR1pVR0JlMm1vTlFYU0JXMW1hRXB3TGozNTNDZWk2RUMxY0U?oc=5
2025-07-17,Grameenphone posts Tk 879cr profit in Q2 - The Daily Star,https://news.google.com/rss/articles/CBMikgFBVV95cUxQQmxFdUIybWJWQjVzbGFoSVltdmdWamhKWVVFNW5ocVRxR2Nabkd1WkJjSV9FNllCejQ2aHlxVjljTXZXdXBac1QxQWY0WnVEQ2NtSFNuTWoxeFZXc0VZOTI1VTRxakVRcy1TVVF6Y3JNbDJCVGR6S05ad0x2VHFlcWt5aHU3Y0l4RlpRT3U5YTBtZw?oc=5
2025-08-08,Grameenphone introduces roaming packs in taka using mobile balance - Prothom Alo English,https://news.google.com/rss/articles/CBMiWkFVX3lxTE5oeVR2X2xoSWtfdkhmVkVBalpoM0FrMWFndFIteEtaT2xIWW1GSEpvMU90RWN0TzFRalJ6cjZ2RHJJV191S2c1WHN1NFRKU25hV0U2RmxGUFNSUdIBZ0FVX3lxTE1XZHgzbjJqckpoNmpSbko2U3c4ak13aVlva3BnVU1NelI0ZFdBMnJHY0Z5d0JCazdvaVBDQlg0aHhueUJrcVpSSVl0el9rSTNNczVzRFNsRXEtUm9aSTVoV21wN1R4dDQ?oc=5
2025-08-08,Grameenphone’s monopoly persists despite BTRC legislation - Daily Bonik Barta,https://news.google.com/rss/articles/CBMiYEFVX3lxTE1TbmRIR2NKYmE5cDJRdjNWbGp6aE5wNmNDekxrcjZ1YUNYaHhlVXkzY2FlVzEzS1VJdHNRRngycFllVWVJaEpXYW5NcXVVaW1rb0tpa2F5R1BwWi1Eb2xpdg?oc=5
2025-08-17,Grameenphone introduces first-ever roaming packs in BDT - The Bangladesh Monitor,https://news.google.com/rss/articles/CBMisAFBVV95cUxPNmQzMFk0RWFaYlJMM0I1V3NWU05NY0pnWGI0VkJBMWIzQk5MUnZ3WVB1SVdoMWcyeFA2S0tPc2hKT182dFVLYUJXYnFGbkZkeWhTWnE1YzAzbGdHUWRZVE1nbWhsaUlmSnA0R25GbTFtWjJBeFUwQURzTlk0bmZTYzVqWWpoUXJ4MXVVcnlkUU90NlhPeDFORTJ1U3dyRnJ6N3JwQ0NYZ0JwaXAyYUQzYQ?oc=5
2025-09-02,Robi and Grameenphone first off the post with 5G in Bangladesh - Developing Telecoms,https://news.google.com/rss/articles/CBMi2AFBVV95cUxQN203NXhaLWowTVpxUHU2bGZHdXR3R1hENnZJbk91SmRPeU5xMk1SQ2Y2TjQ3cXc2RmpRY0tMVVJYTkhQOGpSVVp5aWZBTDVSWWNLbDFPWHhDY09HMFdlUi1zT3NUY1Z1YUZnUlJEUHh4ZTBlUFAzNVJKQTFRREswMmZudDduOHNDcVIydDBPOFlJNDZ6WnFkVUw5NHFTem5fT3oxc0k3NGhrakFRSFlFUFNVc2NpVHRDR2dnT3hXRE5wVlhtaE1NT3F6ZmI4UHFPUGdrcTFoYWo?oc=5
2025-09-01,"Robi, Grameenphone unveil commercial 5G services - Newagebd.net",https://news.google.com/rss/articles/CBMimwFBVV95cUxOMlFkZlZTaTl4ZkVVMDlIZXlHRXhkYkluMWx3QXcya3V2d0NqM0dIUXYwakNLczZqTkN6ZWc4SzdldlgzeloxMG4xUkw5U1hRb2lmQjdFZlVadVU4UjlqSWFQd3l0Y1dyelJnLXpFTXZRZDVSbHJRaUFGUzlRRm13TUExdFZ0UFFOQ0hrbDZ6c3VXQ0lGbmZjZklETQ?oc=5
2025-09-01,"Grameenphone, Robi launch first 5G service in the country - Prothom Alo English",https://news.google.com/rss/articles/CBMiZkFVX3lxTE5qQmtUWWt0dGM5QWZfaVlFMmRrekVwdEVzQU0zTURfVUllOUNyYTJnRUNPM0hEYmpFbHpZN1pUYjFvbk9iamo3UURZVEpRb09UOUZ1d3hkSlhWdnpTblFrWWRUbTJQZ9IBc0FVX3lxTE1MejdBS2ZhYTdySWlJd2MzdUV4WFpZdmJFS2haVFBEaHljTFQ4U0hEZE9Vc2EwNE1obEk5ZWJfTnBURnBaaVlWejk4WkR4a25fNkc4NkRnNWNuVHFKLXpDOWxQVGdESlgxckhnb3lNSGxXRGc?oc=5
2025-09-02,Robi-Grameenphone's 5G launch is historic step for digital future: Taiyeb | News - Bangladesh Sangbad Sangstha (BSS),https://news.google.com/rss/articles/CBMiS0FVX3lxTFBfU3c2dDA2TDlicTROQy1fVTJOMC11OHZCcGFPNm96WFF2RXcyMGtNY0oxVTJ2OTNmOHY3MXVBMFE4QkZ2Ui1ZZDdIWQ?oc=5
2025-09-01,Grameenphone launches 5G - The Daily Star,https://news.google.com/rss/articles/CBMigAFBVV95cUxQOXlONThLNTB0aWJVU1VySU1tdTFydXlReDYyMnJHc2VJWTFDOXJtUmtKM2tkZ1NQYW9kU0JicnFnV1d3bk5QRk9lUjNZN0JENEJlMGFvSW1Ma015UFg4cHZlZWNpa1JwR2FNaW5YaVplYm9UTWh0MTRhblJUNmZ4MA?oc=5
2025-09-01,Copyright clash deepens: Grameenphone in Tk 20cr dispute over Abdul Karim’s songs - Jagonews24.com,https://news.google.com/rss/articles/CBMiZEFVX3lxTE9wUFFqYkFDdTN4bGJRWU9ubVY1cWVQU1Jfb1gyYmRabGcxdFBzUHVKR3k2Qm1DQjk2cUFrc2g1T1hjUllaQ3hFLW9STTJXVEJBTldFazFsN0daQ0tSVEU3dENfd1jSAVBBVV95cUxQUFhVR3JJYzBfOFB5RGtaX0oydHFiYlA4YWtaR3d5NkR6YkhvZXJjaHoxSFpwaURYcGNRNndtbWZEMlMyZ0dVMmhqZXRJRkhJMQ?oc=5
2025-09-02,"Grameenphone, Robi launch 5G service - The Business Standard",https://news.google.com/rss/articles/CBMijwFBVV95cUxPNC1oTDhZUkZzU292M1g0ek9JelV4QjNoVUVpSmxpcXN2QWIzdmJhbThTTmlnU2tudzVRUkZUSUdBWjlJY3V1Y1llcUxnOENYWmdVMDZ0SnVjUU83M2xlUE5MWFU1Z3QxaWFvcGprYVR0eGdBTjgyR1hTaEdka3h6SFlsb2VWbU9DTm1nYWZaRdIBlAFBVV95cUxOdGduQmlTZy1TX3BGOWVtNGhCZDdGV2hWRDdSWVdjbW0yYW0xOVNyR200WVB4cGtwNUVzSUpmQWw2RnMzR1FSbVJuRkVwZ2ZvZktUMHdvbDFOaG5mOF9ZSkVGVlpodEpkVlZQblJUTFdsU0NnbFBRaFIxcmdSLVc3anNUaUpLSWF2VGN1Y1ozMkkxdGg0?oc=5
2025-09-05,"Grameenphone, Robi launch 5G services in Bangladesh - Telecompaper",https://news.google.com/rss/articles/CBMimAFBVV95cUxOTTZRcFk3a0QyNnZINzdNeVRnZzY2LVlzSU9OcEJWY1d4dm5FblBPSUs3d1d2NmVnanA4d3lOWlJtc1VsUWNtdU1vTVFxQzB1aWtUd1QzdkZTSTRTNi1WTW9ncEpDNXd4dUJlMTdnTlh4NUtyTnlOVEZlUjQ2X1pXRUdXTktFbC00WXgxX0ZpdGZXemFKZzNWWQ?oc=5
2025-09-03,Grameenphone launches nationwide ai idea competition for students - The Business Standard,https://news.google.com/rss/articles/CBMisgFBVV95cUxPLUJ4UGR2cG1PWDRMcnlPM0pQM0lXTkpZa296N1EzY2c2RWpkU01Rd1c2TGE1RnVROUlPRE9ZclN6VXdxS1ZIbzZJSUlCQk16MTBmTHdGeUc1NTA0QUZFMFJBbV9YdlhTTTA2WmREd1Y4VXdXSHQxblJwNlhhLUZyMng3bjJWcGRwc0hmWVA4UGx6TFlVa1pOci1RZmlERTJnMm9VSk9BTnhCX2dyb3dHaE9R0gG3AUFVX3lxTE4xTTlrY1FGQ0NvSWpyb0hCeXBLOVpodUI0bDBpZFJjX3dfSmxaX1BXRFdzVnZRdWNZMGRLVlRZWGN4cm1CQW14TklCUzZhMnA5UjBDYlprNk83c3JYM242N1ZVd3A0N0JneVZvYzRzWURfZ3J5UkM4Y3VlU3F0eEt0aC1tekFUM1J1bG03S0tBcmhXQ3NsaDRzRVZuTG1yU2ZvSnhSUkFfRXhPc01oeGlqeW50b3o2cw?oc=5
2025-09-23,"Rakuten Symphony, Grameenphone Open RAN Pilot in Bangladesh - The Fast Mode",https://news.google.com/rss/articles/CBMiswFBVV95cUxQYUgySC0zX0VOVEZDV0VlYmtvTkZQNmdQSnl6OVl5SHlCZnpuWGpFcVo5VnZ3Tjd2ZHVyQUR5ZW9TaHlLMDA1Y2VCaGNLWkJRUmozTnpseEh6VjFIcVo1MFF6djRnMXY0TUNmZllObmx0MWJoYzFmdmhrZ1ZnSjEwWmJOaUxITjRLd1pRa0lTM0o3ZHVTdWJrbG4tNU5WWFNIbDkzekoyamVLLVFnVDFNVFVXYw?oc=5
2025-09-19,Rakuten and Grameenphone launch Open RAN pilot in Bangladesh - Telecoms,https://news.google.com/rss/articles/CBMimgFBVV95cUxNb190V2hLMC1vT0N1WjAyay1zOS1LYmsxWk9UbjdubjhreS1RZWZWS2toUjFBbG5pVTY5Wk41b2ZSNVJqZmcweW0xRGR6Nl9wamRqRF9Jakp3Wko4UnRyTHQxb2s1aTZld2pwNWhfaVZGc0xYZHJVTzFnUVkyZ3lZaDFYUDc0c2Y3V2QxMkJrTlgyM3hWVm4ybE93?oc=5
2025-09-19,Grameenphone gives Open RAN a shot - telecomtv.com,https://news.google.com/rss/articles/CBMimAFBVV95cUxQMFZ1Rm8zNEMwUTVwN2VpbW9FVERFelFrOWMwRlhweDd3c0FYRU0tVnFDNElzN2JnUTBJWExULXVlaWd1WVJlY1JSR2plSUp6akp1ZmlpZ0Uxd05zZHdBajVuZktyNHQyQjRSYlVwYlNFSXNCckFrSzYxa2lSVW1Lam1qQklaSUFvZ3BjbUdXMjkxLWQwSDZCQdIBngFBVV95cUxOU0JpbjhpTlM5d1NjMWd3WHY5a3NVZFVocGJJcEhQNWN3Y0ZNeGN5TUI0V1VUbHVYU01NSy1ROEJaRFplUDhramg5blM5bnZaYkRkWV9DYjVKOTdxaGo0cEF4dHF6SnJ6cHc4Tm9CbS15TE5ZYm9seV9OZWNHYWlSY1dielprV3FSR3g3WV94Vmd4T0IzaUhLZG15YWdfZw?oc=5
2025-09-22,"Grameenphone, Rakuten Symphony team on open RAN - Mobile World Live",https://news.google.com/rss/articles/CBMikwFBVV95cUxPcFRKYkJzdjVWd1RSc1dZR0p3ZERxeW0wSjc1RTR0a1RuSTJfY2l2TVNTenRlZXlRMkZRLXJXbW1aYWJOX1JRLTFIQWNpZnBQd1R3VWlUejY3QjVlTmViWFZnOVRlcENjTVBFYTUzc2c5cGZxMms2clQ1QVJacm5VT2tfWFd5dVhfSkNPNGcyNThQQmM?oc=5
2025-09-22,"Rakuten Symphony, Grameenphone to pilot Open RAN in Bangladesh - Developing Telecoms",https://news.google.com/rss/articles/CBMi3gFBVV95cUxPZ1BONUx6QVp4b3J3Q21lQ2l5XzByU2UtWkVmRzZCeVY4SVNvTXZ1a2pObjVZa2JWVGMwd0ZoYU9xZUZFcWw4dmdHbDVqRV9DMkVDSThzc1dsbS1rU1ZvSkF3eld4VmRzVTdzZmFZa2JJNGRjYmxlSU1IM3Bqc3hDUWZwNkhjbXNPUUJ0bkxBcjZaR2F1SmRyS05VS1dtcFNiTF9ya3YwNy15Qmg5TmR0dUZPb3ZsX3RxTXdqdG9sdWdCQzZIalNyQ3VIY05PTk9BOGJJRXNKODVEOTZaYmc?oc=5
2025-09-22,Competition Commission clears antitrust case against Grameenphone - Jagonews24.com,https://news.google.com/rss/articles/CBMiXkFVX3lxTE04UUZLeUh5a0dHMm5BTC1JaThYbUFBSm9FcGhVVnlRUUVTck14YVhVUkVnVUQ2LVJkV1Ita1ZsTXBwM251WjI2ZTdnUDVSakpOQjJOb05oWEZoX2NweUHSAVBBVV95cUxPd3FpM1d6TmwwdVZyVnVMbHFLOFRpZzdpNEZ2UThRTnptMUJlT2NuY2tuTmdERV9QakVkTmtkT2tpUDgwUXk0ekdhR19xcHlKMA?oc=5
2025-09-18,"Grameenphone faces Robi, Banglalink complaints at BCC - daily-sun.com",https://news.google.com/rss/articles/CBMiSEFVX3lxTE1pc215Vng5aThSaEdKV3NwMm9BdHUtamNfQ1pHMUdXcHNwX25KMkxGZW94dF9OZlBiVEtOUmRwbHZ2QlB2anpCRg?oc=5
2025-09-25,Grameenphone’s Head Office Gets a New Look with a Touch of Innovation and Green Modernity - businessinbangladesh.com.bd,https://news.google.com/rss/articles/CBMiwwFBVV95cUxPSThGd29yU1VRMEdJQW1YQzIyMWtnUE91QUExdS1GYks2NUtXV2EtUm12bDB6R2FfZzZ6NVVMS3lYT2JlMHFMM2d4MXhOUG1memtwMjlPU1V3N01lS1hEcFNuZkMxRnItNTd6MERabVpmWEdXMkRlRWxRRE5KeFlDMlJMay1qRXhUeUY5VTZSUE04WWo5SC0tYmdZZDNqTVJKTlJWXzd3RFhXSzluMEVnNjZBWFVGVS10MHFaUk52eDFrUEE?oc=5
2025-10-01,Grameenphone wins Asian Technology Excellence Award 2025 for digital telecommunication - Asian Business Review,https://news.google.com/rss/articles/CBMi3AFBVV95cUxNenh0aXJHQ3NJdW1fWEFiWFJIVVBDUk5mZkttYTZSbFVZejlubWFKNnltMDBoeUxvX29BNUNNb0hqRTdheVJmdWFTVmZHN0tLMjllWGtmR2VMZGpoLTVFMW9fMGlDWUhiLXpib21jcVJiX1VtbU9DVzE3UlE5eFl1eGpCc21WNXN1Sy02b0hIcDVMTVF3aFEwUDhIUXlIdXJPUnlDeUdJQWhHaDNERVN2eU14d3AzNld5Rkxad2ExNjFIclNJRzg1SlNaZDRMMmVta0c1LUtLZGhwTlVm?oc=5
2025-09-26,"Grameenphone, PalmPay launch Bangladesh’s first cardless EMI solution - The Business Standard",https://news.google.com/rss/articles/CBMiugFBVV95cUxQLVhRalFMUVBNMDlKcGFmY2hzTlhRNXhwdFFwU0d2RURIc2dGekg1TEVscTJQQlZYSVRJWkVObkZ2Z3hMcGc2NXhCSUtBaUVhTFNrN2ZYaVdlWmVWWTlaTWtubDZTTzMzbUtzUmRfeTN5UFNaYlRYRW5SeVh5YldYWWZ6RmhRR0R2Vy1ZbU9wSFEtTEt4eE9NWlNzR0J4OWFiQjBrOVpVdHhNN1Axd090TWNSaUZFdVFiYmfSAb8BQVVfeXFMT1h5WGxYS1BTTk94NE5RdFRPR0VlOVQzUmhXNlI2eExJd0VLNUExUGJsVkdrUnZ1WEtEcURYUHFiVTRGOFpXNlhrNW03WEFiWGJ5UkZ4M0RXeUs4S0tabWdsMXNSM3pKdUhjdUFxTU1wUEZJNXQ2NXFsVVNPZ1VWbEdWYkVOdlR3SGs4RlJIODhWU0ZzZFlIQzc1QTNCNGtwajJSMlR2OE1MM0x1Z1F3eTN3VlZJcng2aDMwdjNmb1k?oc=5
2025-09-28,"Grameenphone, MIMPEX, Goodman collaborate to drive efficiency in agriculture and pharmaceuticals - Prothom Alo English",https://news.google.com/rss/articles/CBMiWkFVX3lxTFBfZjhkWWEyVEtNZ29rc1p6NnlRNU1fN3MzOG5hVXMwTk5XT0F4WUtPNC1NU3J5dmVTUUhwNFhxQlVEcVNraGlINnBSY3lxSXV1Q0ZWTkpld3NaZ9IBZ0FVX3lxTE80a0k5NjVHVTlDRFZuLVYzOWFqUm5vSlIxWWdTYXFWZU80UmdUY0RfQ0tTNEdDQmtzSlp4NFM4cE1TQmlrNlFoRmpIdUh0V1NtOHhhRTJZU1poeTFCeng0ZFQxZE9jRUU?oc=5
2025-10-12,tapmad Expands Regional Footprint Through Strategic Partnership with Grameenphone in Bangladesh - Tapmad,https://news.google.com/rss/articles/CBMimgFBVV95cUxQMDdUQjNOanRGVTF6NHBWaU83SkNXNG9IUmdrcjZqcDdBekVkTTFaVWdPeG1VYjNVREF0dUIxaTROTHpubGdoTzlqSmJNcTVfRzgxNVpNVnYyR1Zfa2kybnQ1b0VSUWprZTJ1aGtIZDUwVnFydnJyb2F1UTctU1Y1R1ZfM29OaE4xejdOVG1ZV0IxaXlWcm44ZW1R?oc=5
2025-10-13,Pakistan's Tapmad enters Bangladesh market with Grameenphone - The Express Tribune,https://news.google.com/rss/articles/CBMinAFBVV95cUxQd05ZaHJTLXFPQnZHTzBJVWx3dW9wY2lRdXlpQ0hrZ2RFX3liRDlGZy1aWElRQktzaW5qbWZ3ODg3a2Vra2pETlpZeVgtUWZ0T1g5eHU3RmJOMnUwLWVEckRRenZjTmhfWWdfVloyUVhZVkN0WHBiQko4MWhOcXBjMFhtTUpldURmaVFVVEZ6cVl5WXdjc1NJVWFUQl_SAaQBQVVfeXFMTlRBUGJPLXM4NlZ3eTl5VWhfV2VLem42OFVaT1NTOFgxQTQ4c0dBaFFPeURvNFB6WWJzYmpaWkVVNE5PRXYySHo0dUxsamctTHVaOHd6NkttLVZIOEozRXdyeHI4TVVIWGE1bEpjTFZMZFRhYVM3VWZMVEdaTkhOT0Mwd2dhSG1ZaG5Nc1lRbXh6VGY0T1pWOWhUeXhHNWFqTmxpY2E?oc=5
2025-10-28,"Grameenphone revenue up 1.4%, nears 86 million subscribers in Q3 - Telecompaper",https://news.google.com/rss/articles/CBMipwFBVV95cUxOeWZjMmJFZ1JvMUZjZ3NHSHRDY1UtMXM1ZXpIODBlbEtVY3ctTFFaTUtJXzBuUzRQMHNPaWZseTU3UWJjVVJ1TWM3Vk44R0xQbU5UVXowUm9pSlNEY3N6NUJvc0FBZ1Zpbl9tUjVYVFluVk51YnpFVUx2Ynl1RndTVi1Zdi03S3ZUYmNIbjVZcEhJaWZTV1hzMUFpQnBuc3d1R3lFV0JrVQ?oc=5
2025-10-26,"Grameenphone CEO, 2 others get bail in fraud case - The Business Standard",https://news.google.com/rss/articles/CBMiwAFBVV95cUxOaVVUWml5Z2hZYkJDdTFXYW5rV0FOSUJ1a0J4Y1VvLXZuRVNNaGZtdFdJbGplZW5VVWs2VkR6cE5zTmFRQmVJWFpTNkxXRHVDSnR0QTAzNnFQQlQtVFJaTThBbjZ0TlN3ZFNCZmU3VzUxWDdVV1haSGhPX3V3SmtnOHF3TkxYaFJCcC0tLU83MFlNUkNZV1BrTzBtSVdLUTVvVnZuX2tHM1VGbFJScDVydk9yaF95NlY0RGF6OGtySUPSAcYBQVVfeXFMT2d6em0temZfVGZBM0V4NnBlZ0JOdk0zU3BGeFJITEhYQ1d6M1FUNlNsTG53RnV6TzRPX1czLXRUUlp6ZUl3ODBrQndidFUyWVFRVmlfQ25WQllwRmtvc3NLYXhrUGE2X09NeFpnRDAwUUdyNnp6R0hvSEFvekRrUzhrbmhibGJ6dHZtejZ6QldfdnFLLS1jVGFoS1duV2FBUlREVUgtUmtFNkJTQ19RWDdaUjJGTWFpTW1iM01KeHlSSVFVaFpR?oc=5
2025-10-26,"Grameenphone CEO, two officials get bail in fraud case filed by former employee - bdnews24.com",https://news.google.com/rss/articles/CBMiV0FVX3lxTE1HNXRqUDUwUGhzbkpTWUtPYUVvX3A4QnlyOUVMb1MtdHZzR2dtTlBwUEM4SE5xMFAtWVJITDJCSExWcjk1c0ZaRFE3RFZuV1UzN1cwVDBBYw?oc=5
2025-10-27,Grameenphone Q3 profit dips slightly despite higher revenue - The Financial Express | First Financial Daily of Bangladesh,https://news.google.com/rss/articles/CBMixgFBVV95cUxNVmx1Q1AtQ0JlQzQ0VEx2djduck9KbUxhUlhwUzU5dlVTVXFqeWFzSzBpLVhVSVFBbVJSQ1BYUjFzZUJxMFZ3Vjh0WnBrSkhJV1hMaElaVlB0R3RRbE9VNk5jQ3dPQWxMTjMtbWJhQklZaXdNS3NqZFVhMXBUaUVjaHBNVS1RTnFWMGVBUEJTUW82VVNNRTdqTjdDUXJmYW5ud1lvUldORHpVT012RGpDckFTYUNyekNLWl9GUDFTWWx2bEY0MXfSAdIBQVVfeXFMTWx4Ync2YzRKOTJXNDItQWNlY25ScDRlWlNjc3l6Z0hfZ3oyaEdWN1N5NlVqV0FzWWtJS0pCdkFrYS1WeS1JRTh1NU9oUzVyeVpFTndXeWpnYTR0NXQ0b3RLM3NIVmE3ZVJXX1RBNG81cVNFSXV2YV9GTGZrWGZBNHFkMFZ1LVBHbko0U0gwMDhTRU81dG9iQ2FQSTlSVWJoRHptNEZEU2V1OEtkTVBZa2VIbDBXaDlSWklfY2N0dzFWTVlzYy0xVUN0NG52OVVtV3JB?oc=5
2025-10-26,Grameenphone profit dips 23% amid modest quarterly growth - The Business Standard,https://news.google.com/rss/articles/CBMimgFBVV95cUxOdkM1eGViajVnenFmUU9qNzlPTTB1UmNmMmJCNnpadDVodlVuVE9xWE5DUlJhMmpydjNaYXpRcWdzeHc3X19WczVBdDNVNTNrbjk3MFUxNnlmWXBrNWxqdGgzMHI0bnI3c19zajk3RU1wTF9HQlRDbE00UzlEQVhPRUJiR3ZxaFJRZHZ4dF9uN3NTMWxHY3h2OFZn0gGfAUFVX3lxTFBHMFA1aHRVSjJLR09OaEJscy1Hczk2UVhvQ1hrQmFVaVg2Q2ZOYWIzY092NHlZT1ROcW1Ocy05OEQzMmY2cFJNeGdTcU1iZW9LdFEzckY1bmwxcmtMak5maXpHeWsxU3FTZnB3NkkwdFlGeml3bjdaWnluUW13V1RMbzVoVm9qRUlFaHpZd1lFTkZQUVhDbWY1S0pVWnZzWQ?oc=5
2025-11-02,Bangladesh Technology Excellence Awards 2025 Winner: Murtaza Arshad Jilani of Grameenphone - Asian Business Review,https://news.google.com/rss/articles/CBMiwwFBVV95cUxQcXdsWk0xTVBZZHJQVTgzTkd6dzBMMGFtYXF5SjhVY0dfOHp6SmVCc29EQnc0VHFmRVhaWllLQ1dFbGVLd0xtbVBoclJILVpLSnVhaVlUY2drbDFMOXI3dHlpZE4zTHFycTdpbmNHV2tpd1laNDY3aElBTi1XODRJTDU1MWpabFNFR2Z3eERvblF4X2dKWkZOM0dIektBY0k3Ukoyd3FYeGM0S3ZDdFNZdlR6RWZiMV9SV1NrSFNfRWdhTE0?oc=5
2025-11-04,Meeting with Labour Authorities on 5% Pending Dues of Grameenphone Employees and Subsequent Press Briefing - The Bangladesh Today,https://news.google.com/rss/articles/CBMiUEFVX3lxTE9kTFNEamN3VUlWdGZXMC1VaUMwRE92ZjQzY1ZkWlI5LXF2WnJ5T1diQnlIeE5Ca2d6X0dEWEZVR2FUUWxVRnNBQ1l0WEl0M000?oc=5
2025-11-09,Grameenphone’s ‘Kagojer Kolom’ wins GSMA ‘Excellence in Sustainability Video Award’ - Prothom Alo English,https://news.google.com/rss/articles/CBMiYkFVX3lxTE9icm1JeEN4enRyeDBpNzZDZ2FQX2NfdUNoOHhta3hPdm1PZWhWbEM1cDZLSG9ET1FQeGVJOEhDV0U3QmZyZmRZNTlnUHdoVHZTalRDMmJhdGJWQkdSUV9vZ0p30gFvQVVfeXFMTXJ6ZmNKYzNCVVh2SlhuMElkVDBzYUhfQTQ4eVVkT25XX3c0aks1cXNlTHVJODkwU3JLVkZxYVhETHFhdHlhbWVjRDFPT2lPVHNxNURidDk1UWpyNkxHMzdHMzZxaXNRaGxtTkNteEZv?oc=5
2025-11-28,Grameenphone and BSCL to bring Starlink’s satellite internet to Bangladesh - telecomtv.com,https://news.google.com/rss/articles/CBMizAFBVV95cUxOWXM0RzNNMGxzb29INXM0VDd4QU1TcEg1VDBsZDhzSVJfUlJialZKeXpsT2JxUTZHYmlCYW8tVTI5YzJKdTJ3bUNDUzVxWDZSeHNMUWlVb0FpTjJBU21FLXV1aXpvdGhLblZhWUhILWU2T1J4SzVmdWpRVFRycHBpOW05dmx6QUxia2tXaEwxTVdqaXZ1eWhTb2dOYXlFaURjUkFZWGhMdW9HZHpBVy1rcl9OMEJpaGtzdGEzcXQ0QWpwWExRemo2MmdrS2fSAdIBQVVfeXFMTW10UDNnR3VCODVlQTBqMWtEMXA1R25KalR2X0Vqcm5VQnFINTNVcElZa0t0TzZGdl82cDJCN3ZfR3laSXZsbjBadnh3ZTJfcFdGTjJkZ052cG1jNFdXSWdncUdsLXEybVFkNnQyMlFyTjA4NzRDeHVSTGJjRkx4d0d3RTQ0bVpBVTJ0M2tDVXUyT1JsWHhLbTZyWnpodlZoOGVaZkp4cXotQ0FDbko0LTViOGR3YzliZ3NyNlZrZGF4NW9CQjFwNWZiRjNQUTg5NkR3?oc=5
2025-11-27,"Grameenphone, BSCL bring Starlink satellite internet service to Bangladesh - Telecompaper",https://news.google.com/rss/articles/CBMitwFBVV95cUxQbUJvYlowY0dabUN1ZWczS0tmNzE0V0lua001QWs2b2VZUzNEWW9GRVJFQVpXQWNYVFpVY3c1dUNXNnJjNlVCMjc4NmlaVXN0OVdGcWJ5T1d2NTBqVllONVR1SUpMeUstZFRzRV9PcG4yMDctVXJoLTJQVDFCS3htVDdFalhkbnRsUW1IRVdYR1hHQm9GeG1LbUNYOUFUcUdmRTZxc2xsem1PaHpXTGNjTnRDMUZNTlk?oc=5
2025-12-14,HSBC facilitates Bangladesh's first sustainability-linked loan for Grameenphone - The Business Standard,https://news.google.com/rss/articles/CBMiuAFBVV95cUxOYWhtb05HSG1obVRjTjV4NzNaOWlBZlBfTUp6ajhkUlFfNTBUdmlUZXVhaUo1Ync0NzBVd2pFaVkyS09Eb3l3c3BCZHRwRTBTZHVIek9vdGlxZEt2V3JKMlZ3RmxYVTRKZ1lhY2JxNXpkb1BMNjJ6VDc1STU0NDlsRi1BeXFzdmlwOVN3V3VQaTJNcmlHbzdsbFRSTHloaUxSQkR2NlV0WVlOQUxCNXhTOHNmbF9fb1Vt0gG-AUFVX3lxTE5hak96a3RRaUpLQTNCZnFpM2FxNnR0V2otU0dQdTU0eUg3b2hrQTNpZjljTHRBNFd6SU9xNUhSWFY3Zkx5NVlHM2FTN0l6aFFYZnZBT1hCMFI5ZWV4TFBYOVU4VWxXc3pxdHhrelhYUi0zYm52SVJKX3BlRndDSmRiQnZ6YTFBd3l1dTZBdjV6WFFvTUFDZXp6WXdQTWNBamdRNngzQW5OUWh2Uk5DN3RUV3oxX092X1ZsNDRjUkE?oc=5
2026-01-03,Grameenphone introduces wi-fi calling using vowi-fi technology - The Business Standard,https://news.google.com/rss/articles/CBMiswFBVV95cUxQVDlHbFRvejcwdUEtbmJHTzdIOHdIc1RaNnkyeG1WR0I4elh0alF3akNZQTQyN3VtcF9IVWdWVTBxbGxJYVZ4VHN4SFRzdk04aEhycmwyZ09YbW5fd1paNUVObGJMNTlDbjBsN2s2cFExNWtGWmF3MDd0RV9abHJsUGhmaDFMMGFfY1kxVC1YY2djQmU5c1pIUHpuS1hfZm9pMEIyS25YVmZBSHltR3lBMHk2a9IBuAFBVV95cUxOdlI3dS1SV0hGMWtpR1ZpQ21PWExNd2dGelBKSHNfLVBhblJOUXBEQlJqRTJldlFEY1A3ZGZwZkJaVFNUMjA1MEVSLUNvcmx5S0d3aGFsY1Q0SHhzWktEdGI2YnpkMllXd1p2c2RSU3hGNGV0UVJCX0FERVNrVUJVcktMbTNmMGxxNFdKenp6cmoxbFJSYTN2UXM1Zi14Z0ZON25wOGhjWE9pNl9EMS1XdF92bW83VGdQ?oc=5
2026-01-03,Grameenphone introduces Wi-Fi calling technology - Prothom Alo English,https://news.google.com/rss/articles/CBMiWkFVX3lxTE40NlVwVnVzazMzbER4TzhJY01EQTIxNHlUZUhEZGhtekFRZkhfYVU5QVE1QnUtaW5BQno3em8xWHlnd1ZlSXI4R1FQRmwtRmVMQ3lEZ0JfdnR1UdIBZ0FVX3lxTE41M1RyRnhmbHFia3dGcXVBZlFGV2NpUy1HRGVRTVRiZHF5WjhxX2xlZENBVkJPUmY2bzZwZG1GNzdwbFdoZWE5T3dndkRCR3ZrbnJEQzlWVUxyR0J6THBoX1lLRU8xaGM?oc=5
2026-01-06,Grameenphone clients to get auto loans from Dhaka Bank - The Daily Star,https://news.google.com/rss/articles/CBMitgFBVV95cUxOZGRGNkVaVF93REhaOEFOamNtSUc5WnFjREE0UWF0UFNzMXJ0bDllejdja1JvcnBPV3pQZmhxVWR2SDBveC1ST2NtNGo3b0otejdwX3RZMkRvSF93eFFNMWVwMzVUbzRLS2xLMmVVbERNLTh0OEUzZWpjTlJKT3RCSTA3R3NrNEtaX1NkVjRYaGVMelF0QW1YT0s3cWZ1X0RzN0YxSW1GdHVYTWdHcUdRSUpDSENwdw?oc=5
2026-01-11,Grameenphone CEO sees 2026 as a reset year for telecom sector - The Business Standard,https://news.google.com/rss/articles/CBMipgFBVV95cUxOQXFvbVZDMUVZbFFPVTJTNmZobGZLZWdzWFFNNlVnYld4bFhEUVBvTWxxZ1RQSkhjcDBwdG9tM1RibXU1YW50dDBvZGhuN2gzbjVnOGhBbncxTF9rdmw3bVE3V2Z1SlduTnBRMzBHUkU2R2kxS0JpVGZjUEtuenQxMVRKNk15WGlyV2xoUjhnUmF3RVk4LWJvZGJIcjNpTW84d3BfXzJ30gGrAUFVX3lxTFBiSXZRd05xLWJ6Tl9ncGl0NldjT2lBVjRFTE9Ic1ZTRGZCMTloNDFxbFg5NEpTNVEtWWxLWGFrZmR6Wi1jaXp6clNMZDJtSjJjOW9QdFJxUDBzMjdTS01VeUNtZm1vQjZ3VkNfWnU2eXpCdjhuNWNFTHBuZXJJZWJnYS1oWFFGd2Y2SFlVd3BwY2dPM0g4MExwX3h0dmlaaV95LV90dUJmaWo0VQ?oc=5
2026-01-21,"Govt earns Tk 2,370cr as Grameenphone bags 700 MHz spectrum - The Daily Star",https://news.google.com/rss/articles/CBMiqgFBVV95cUxQWmJSalpEQ0hVMVF2Yk9WLWw1RWZvNk1WX1FmU0JTbHcxMF9IdGF1TFpaVzZMOGk2NFpDOGxxcmN5RzUzRXBaV29TM0h2RW9pMEZfclJRaC14RThFNVdtT3dBdmtrZ0YwQnpUYWVJRGZKblRLNHFRY2xBbEJqX2R2RlZ1QnJMSHlUUk1WdHFVd3dOeDBneEZ5TTJXRE9QTHZjbmthY2JQMGpHZw?oc=5
2026-01-19,Grameenphone CEO Azman says foreign investors’ interest in Bangladesh is declining - bdnews24.com,https://news.google.com/rss/articles/CBMiVEFVX3lxTE81VkZNVFduRFJ6cjdkTTdqbmNMRjlBaWRxbzB4YkhuVENwdk9BLTBTUkxNemdJOWpBQVZhdFp0bUxoclNZRlkwYzRwTE9KXzNDOGRVWQ?oc=5
2026-01-20,"Robi withdraws from 700MHz spectrum auction, Grameenphone now sole bidder - Dhaka Tribune",https://news.google.com/rss/articles/CBMikgFBVV95cUxOWFhrZTZaeVM1WHJ6TXdwZ25UQTFMYWdhWklwNTYwVE1FWkZJNFg1b1lvSUR1WExpT2k0Yk45bW5ET2c0TWdnNE9xbzZ3M3A5M2tNSE5pYVZuQ3J2aDJHVVlfX21SMk1QVDVCTUw1aHhrSTNyWTRxOU1wYU9MS25ZVi1ZQ0FHVjZHWWM1X1FTM01zUdIBlwFBVV95cUxNNk14U3VENUt1Snh6Z3NieUNycnBlaFY4NzdHYS1yT3hHdEtFTzlXOE52bndHTU43NE4xR3k4bWFvMWFkbDdZS0NRVkdiTXF5SkhUbk4yMVFFNXlnVVdsTWd3WE8wTXAybGh2VFhYRDJsMFhWU2V4bEM5dXhKMVhTVnU3cy1fQWhKQ3B0ckdORXFtYWdWWGFB?oc=5
2026-01-23,Grameenphone secures 700MHz spectrum - Mobile World Live,https://news.google.com/rss/articles/CBMihwFBVV95cUxPTlE2WUFtNjV1d1lSeVlTU0NZMGhLeDFOVmlNSG5DalJoV1dxbXRWeENXNnduVnlBRFZuQzlENC01a0hXVnNoRUowb3REYW1jXzZ6eWI1SGdGX0lpVmltWFNxdDZWZG5KdXNxYTIzN1NCenp1ODJmVktRb2s1X1U1RmJnQlRrUG8?oc=5
2026-01-23,Grameenphone is lone buyer in Bangladesh’s 700MHz auction - Developing Telecoms,https://news.google.com/rss/articles/CBMizwFBVV95cUxOQ1lmQVUxRzdEYjI4ZXpYS3VGblNpX1NIYXpId2duQU5fZlJGWFpoaW9VbXkzdkhnRWtBNXpiWTVfeTlwVVktQUMwRFZfUXRER2tva25CNlJHTnhMS3I3dEhIN2VsTUJ6VnhITEtVMVBUbTJOR3RJSzBvTW5ScV9DdmxKclFfTmE0elFjbHBxeGJmanpjakM1OEpzQ0Y0Mzk2SGFUUUExZURfZWdYYzBhdXZDVDVVdTIwOGN2YjJCazl1MkVJX0MxcWozaWJaWTg?oc=5
2026-02-03,Grameenphone receives 700 MHz spectrum licence - Telecompaper,https://news.google.com/rss/articles/CBMikwFBVV95cUxPV2I1V044WnBrSFdqRFllLWZnNUNIZjZWQWNSZ05OVGwySkVjVEZ0RzZkWFIxZUcteE0zUHQ5aWNZTnY3eWIwTWxsSElBaHhwd0o5VUdaa2wyVXFicnNQZENxcFhJV1hMenRtSF8xQV9MZEtZMDFHYmZDRktEVkRpOWFsNGE3N3ZLakdrMFpEUEFpTm8?oc=5
2026-02-04,Grameenphone profit hits 8-year low amid cost pressure - The Financial Express | First Financial Daily of Bangladesh,https://news.google.com/rss/articles/CBMiqgFBVV95cUxPV2M0Qm1pZnNsdHp4b25yclpfRkM2TGlIdUhnRUlHMGxPOFZ1clhRbmxXVDNYWm0xQXBfSHVoTWg0ZTRreWZFUF9Va2xYc0Uya0NMbldXb1UyNG9VTlE4LTcyeGcwVmlwaEdfaGtkbXRVSV8yWndOZlp3R2J3NWRpQmRhRVJFejFmVzQ0d3lIcWpoa2ttWXlVYU16MldBR0owbG9tUTdCSDZCdw?oc=5
2026-02-02,Grameenphone receives allocation letter for 700 MHz spectrum - Prothom Alo English,https://news.google.com/rss/articles/CBMiWkFVX3lxTE9aSTMzcldYWERwRUk0M09oZXp5SjZtWXdkR1U1TEU1R1NDUnJwMW55RThKaDNXUlMxN25yZ2g5Tmw5TlZOWEk5Tm5lVHpmYmdVMFdpUk5ISFctZ9IBZ0FVX3lxTE90MTJqZ1ZZQlNEQ3c4NF82bmg4ZFplWlF3RldFRmxxOFdDSktGbGREMVdYdkd2Qm9NakF5aEdGbDNRbWREa0RqTEFjNUJRVV9XV2NLTE5PemNNUV82MFJ5dU5feDlzMG8?oc=5
2026-02-04,Grameenphone declares 105% final dividend despite 19% profit drop - The Business Standard,https://news.google.com/rss/articles/CBMirwFBVV95cUxOYlZfc2p6SU8tazZJaWU3OVFLbGUzZk5jV3l0cjhQX3NxQ3pwSklGSmd0YWxtSW9neGt5WFFPOUNlM0thV2NZOXZiTm1iYmI4VTMzOW9mcmxhRmVfejBMek9qVklzc0RYT3VkZGJ4VkxTdkNEbk1UUkpjSGlZTGM0Qm1NN2NiTnM0NndfS2pQQ1RuYTlKRUdOanpqVDhuVTk4cDV1bDJ6a3dqNGNGaXVn0gG0AUFVX3lxTE13TzhXU3lWdWVzeTBfeXVEWFRhS1dXTVpieXJzaWZtUW01V2p1U24wNS15clJ1ZG5Cc2hXT2o4elZmWFUyTG10a3FTeFBqSThqUDVmN21WTkF6Z0ZNR2tQM04ybl9YampxRGlndkZaNS1MYVVhWF9ZRnNfd2hPUGdPbHZQb3RKTzZGVEFRSkRBeG5FTmhVSnBkdWFDLWMycnlZa2I5NC1hakx5czJ3ZDFQMGpzcg?oc=5
2026-02-09,Grameenphone launches 5G roaming for customers traveling abroad - Prothom Alo English,https://news.google.com/rss/articles/CBMiWkFVX3lxTFBCZ2xrZkF4LS1HUUlfclJTcFB3Sm1LOWlwOVZmVTY5NnRhVFVJWDh5eGVfdTlZZWlyM01DUzZ4b3FrRTBxYVFwSkZCSUdOQnNRbG5KYmpTQ3pqZ9IBZ0FVX3lxTE1UUy1NTUpXVGx1MDZzV0JZQVdUMG5xNUdaUjQxX0RKckNuMTdEeGxPc2dMSzZnendETUxKRDhScVBYbzJzaVd6UHAwck1HWmt4ZDNoMnV1dklaSFJ5Q191enhDX2lGemM?oc=5
2026-02-16,"Grameenphone, Mastercard enter into strategic partnership - Newagebd.net",https://news.google.com/rss/articles/CBMingFBVV95cUxNN0N5UDNqcDE2bnQtWF9mZnoyeHRicVJMREtPa1pwTkV4Z1FFeDJEaWpNd1plQzQ3MUtSdlJReFNpUTJmTHhaTkJQR3lndS1yWnJyV2JFb3ZsaHhWZW1aXzRSX3JjLVdVa0dnWFBFaXo2R1I5a2xaVHA2LUxKYVZJOHdzd3dlMVo5SDkxRnpsUmVMUXpQR2dDcFJmSzg5QQ?oc=5
2026-02-16,"Grameenphone, Mastercard to jointly drive digital adoption in Bangladesh - The Business Standard",https://news.google.com/rss/articles/CBMitwFBVV95cUxPX0dCLVVsU3lkUllMaEx3a1Z1a1R1MEpFZE5XQk9XOWE0Y3pXa3E5WmFTYlhtOHlqM0pYNlg5eHpOM1FyVW9RWDhlQ2NtdzRFSWJBRnZ1OXlrZjhHZFJuVy02c0toQmk5UUQ5YS1fcVlZRzBJM0lpQVQ4NU1WM0g2clJUcDBrWjBpOWRfazhaTEltckI5UVpHZXlTU29pS2YwLWVXWnFPY1NzVkRjMDBwRmVxRzc3d0nSAbwBQVVfeXFMTXBhT2JhSTVsSHZoRUEyd0xmandPWmw4SFFJMFE0b1dyQjNCb2sxMFNQeGV0eFpGUU1aNUswQWx0TWsxUFB2M1dlc0FnbVkyWkd5M2gwMTVVS1RJWnI1SFduQUxraDBMR3BfTTRJT0pFcFJabDFpMnJtN3FhYVFxNUwyanFwakFJSC1wMW1IbDVFX09qSXVYZ3l5eWlwbmw2a0Rja3pHUGgzLUxYWkw5NjFQWEZaemlmYk9QNlA?oc=5
2026-02-18,"Grameenphone, Mastercard partner to boost digital engagement in Bangladesh - Prothom Alo English",https://news.google.com/rss/articles/CBMiYkFVX3lxTFA4NDFPTjZWUi11VU1pdnFWSV90UXJ2LVppcEU3aktFTmducHdqZjE2Q05FTTBXT2Z3YkRkM2F3TVUzTTdOS1Vpd25FZkJHUFNVUGR6eW9QR0pNb29mZ1FKX1Nn0gFvQVVfeXFMUHM4dDRNaFVZLVNHMkZYbmVTV0pqVWltRDBhZF9Nc1hWS1VaZDluUFNuR3RMTDNtUTVpSnNDV3d4X21rUmZpeXlPa0pQM1RCQ3Z6bDdnZHU5QXNNaEFsbkhWakFTVFlkOEp2ZmtnYlY4?oc=5
2026-02-16,Grameenphone launches 5G roaming for customers traveling abroad - The Bangladesh Monitor,https://news.google.com/rss/articles/CBMiugFBVV95cUxQOFY4QnNzc0xrdERBbDZ1MUpvbGh6NVdSSzZNQW5FektNak5uN1dndnNSZDI4b05DNFhTbE83bDFieFlocmt1eUxFcERfOFhMaFdPY3ZDcGIwSWNrUUtXWmYxM3ZxNTZmendYWkl2VzJLWC1mYnBoRnRYQzJoVVhpOE9WNGdwSUI2azZOWHlRM3k5WVNOc1dnMHFTVlprRVhyM2VaX3lFdTRnT2dtWDhRQTMxN1ZXZ2tpRXc?oc=5
2026-02-24,"Trust Bank, Grameenphone join hands to accelerate digital transformation - The Financial Express | First Financial Daily of Bangladesh",https://news.google.com/rss/articles/CBMi0gFBVV95cUxNVTdVUXVNN2diU2ZMRzNxUmk0eTBIak1qVTNYVGZFNUFiektQdVB2SVhJTGtHNVdYT0ZRM0daTTBidVRDMWRuSm4tb3AtZmJ5WV9LcURqN1p1NWNkeGJMRVpleFhxRDZPOXBXR2NJMnFXNEd3SnNtQXBFUC1CYTZNcmlHRUFNNEZaMElHc2t2UjhnclBybzlfNDRTZk9laUt1RmFGbFNTeG9ieVBVN3VySVBSbHc1MkU1Mm9VUk90V2I3QWlOUFNOOVFrZk1BdVlOWWfSAd4BQVVfeXFMTm9UUldKT09aSnVGSjNqdGQ0MV91cmRIeVFKM1p2cmcyTmNoZEI4RldSa2k1ZHlyNDBQUDlLWEJySnVfb09pUnRhVTBRX1QzYTJ1Mmg3M3cyM3FKZV8tOG1uMF90Zk4tRGZDc0lCSDVEQ25XYXhzbW5hZ0lUU0VfeC1YQ1NoelFOdkYyb2pfWkM4S1d1N1hxTS02VmppRmJaVzlRaDFOWEdHTGNFcFZ0am93YXhVVnR5c3hGMUFmZEFYS19PNDJWbjhyMDlVYkFiZy1DZmYzUFR6Z05iRWRR?oc=5
2026-02-24,"Trust Bank, Grameenphone partner on digital transformation, payment services - The Business Standard",https://news.google.com/rss/articles/CBMivwFBVV95cUxPMW1vRGhCRGI0eEpLcGFBTnB6YVJuYWIycWxYYm9vRmwtQVRrWjdibGhNYnV4TTg5RlFTYl9JYm9qdFpiOHVrOFFRclhWanVjTGFDTlhkTlF0RXlidUZZVlVPOE5FQlM4bkYzbHJzbU1hWXFfS2VxQmNBS25ESG15Tk15bTZyX3ZqblQ5cWRTNlBJQ2N2YkxXLWlMamZrRkk1RUZ1YzRxU3Axbk16SDJJMklKYlJFTU8zRDBnTUxWONIBxAFBVV95cUxQV0s2MkZBbEhfb2VYREF5SDh5NzVCUGllVER2d1pTSkQ3TG03RW5pT29nbWY0SllSTXRORk94Uy1SQ19iRVVicURWOXNOdjhCbnV6dkwxcVZpMXVabngyWGxibG1PaVJHQ0c0YU9OT0FaUTdPNE1yQTFwekduYVVIZktfWEMzckZTOWRLSWxlSU9JYlM2X1AzdU9qZUlyd0dvazNoYldaUWxMZHUya3JzQm5UMTlKdXlHSGpjMkRNZ2wxUV9B?oc=5
2026-02-26,Grameenphone and Proton bring Bangladesh’s most affordable 4G Cloud Phone - Prothom Alo English,https://news.google.com/rss/articles/CBMiWkFVX3lxTE0wT1hTT2R5Rlc3VDNhQ2xfQ0NIZ2tGTVB1ZUZSaWVCSWZBMGhKbmhkNG5wa2F2MEhxWkJJREhnSTJESTFfQzhNV2FEMEZZbmlzSm90TkJRNnNEUdIBZ0FVX3lxTE53Rm1ib041WUxlSEMxa3VuM2h4VjJRakFHOUNfWEYwaEFpUVB4R2IycVZvM09CbGhCYV9RdkNaWXRrVWlwYjJjVWR2Si1CZVp2V01rMkFVZDNPbS1uNmxSdjl2UXhVdEU?oc=5
2026-03-12,Grameenphone and ZTE Sign MoU to Accelerate Autonomous Networks Development through Agentic AI innovation - ZTE,https://news.google.com/rss/articles/CBMikAJBVV95cUxOYXhxZjcya1BpNWM5djE4X2IxODNvQXVDd09BRVFWUDNNekUxLUNaY0JtRHJ6RHpzMzBGRUdsZWFuLTBiVVgwbnlZM3BpSVNRUlBZRnlhUEZMNF9TMzZJS0NzWjlFeUJzZnJLV21KTkV1WURBUUhqNV80TXZtWWxlNnUwQTdKcXVfYzVHN0doSHgwQjhmUm5rZXNJOW4tNVJDUEVSd0JqelFkOEc1WjYwNmhZcllpV2I2a3FfcnVTS3hPSmw0RmJTVzRmZ2laU0dBTFEyYVAwdHdlellFVkdGZnlSTnVPMDdTRGFUUzRqMWZxaXNmNEI1ZzlQcHd5QzE3RC14RTNSX083SnNXXzFBZg?oc=5
2026-03-12,"Grameenphone, ZTE to jointly develop autonomous networks using LLMs and Agentic AI - Telecompaper",https://news.google.com/rss/articles/CBMiwgFBVV95cUxNYTduSmZYVjZRNHgtb2x0UXRpV1pvUFNSVlc2VEFLaF9NTGt5UGdTNXp6SklBQVdlTEprTHJXUkIyT0l3OTFUS2dFXzhLYm82QnRLZEd5MXpVLVFDdFZTTmxiUklodWdNZWQ1Ui12YU1PZjljOVZMNEJlY2NhLUowOXhOTFp3eFQ2enpsY3dpTXBWOTlJMEYzcFJFVGlwMDNHUHZuMVZCWmpueFhFLXFqWXhRSVFkV3BQanJiV055d3o1Zw?oc=5
2026-03-14,"ChutneyAds partners with Grameenphone, SMC to unlock new era in DOOH Ads across retail shops - Bangladesh Post",https://news.google.com/rss/articles/CBMiywFBVV95cUxPSm9XeEp1dnZFTmdxWklSRE9XY0RYeXVsQkQzMGdNZWZqbUNEWEsxRlAydXU1dVRhUUlBYTN6cnlTa21OS0FmOVZxcmtUX2dWSW11eUY5YzROaEpfSXlBUUhOSjNRTDFmb2lkZ0FVMmRLdzJHQkpSOW9DYnBScEZIcGVfbmswUWdCb3ZQU0hPX0xzVzk2VS00bjNxZW9GS3AxaDFMT1p1eFoyQl9Jd0d2MDM5LWw2cEJvXzRYTFN0ajBOR1hQZ1pDM0QzYw?oc=5
2026-03-14,Chutneyads partners with grameenphone for dooh campaign - The Business Standard,https://news.google.com/rss/articles/CBMingFBVV95cUxON1hVWVJtYjJiZmVUeDBhTklZSEZINklhLTZOdG1nX2hsUWhpOHVOYVV0VnRSMmJteVU4YUdrSmgxZlhIRThtWkFRbzktNlhYWnY3X001dXFSdzRRV0RwcDJOaUdsSllEUUs2MWFTZTNYSERxbnI0dk1lZWV1OXJvZC05Y1BEQnFuV25keVBzU3VDWjlCR1pUb0IzREROZ9IBowFBVV95cUxQSGpaNDlUWUQzYjl1cmNjT2tXb25WUTI0THUzNDhPUFpEcFVtTHVOLTYyY29qRVBkWkVuOG5zclZFUVlseGdfU1NIbldod21hRWdQX2tMN2h5WHhqTi16R2pMa0ZEd09vQWZDbkFXVFR6QjdnUmdlSFpJdVlVVjJzaEljUzJmaDhjOGswMTVwQmNyamViS1N5UFRrUVBRZGdmcXdV?oc=5
2026-03-23,Mobileum AI Fraud Detection Platform Goes Live at Grameenphone Amid Rising 5G Security Threats - PR Newswire,https://news.google.com/rss/articles/CBMi5AFBVV95cUxQVnFmODM0Mlg2MThJWUdHeUljZGFpZmstNlBRQ2NtRlRKNVFJQjFjUVJwb0pTRjBZZ0RpOHRUb3ZOckhTXzk4QnVKNmk2aGllWm9LM0ZKNlNfaFdHVTA1TVl4SjhmSU54LVRwMkRINnBpN0VrZ095cDFFaGZUelNfUG0tX2k4UzNoejNTQjhMTTVjNmtVNEtTekxxM3lCSlhONVFlRkpycGUycmk1eWJpc3BRT2MwaE9CM1FqYlF1blVTRHkwN3ZKY2xoeU93dHRubVQzLXVkOGJtN2E4cWVuWC16Ylk?oc=5
2026-03-24,Telenor's Grameenphone reports softer Q1 2026 business momentum - marketscreener.com,https://news.google.com/rss/articles/CBMitwFBVV95cUxNZFllTEpBNHlmc29zdDJsa2ZTU1BJLUFzSk91ZUhEUFlOT04yOEhLNS1iMzE2a3BrSjVPb01ZRER0bGR3YjE3MGFvbzBid0E0VnV4cXJ0R1lkMUptR0dUZnVGTjFRNkJ3dkhvRF9KU1hyQmg5V3VtUEdiSkg0X2NDeWFyWXlmSWxNaUZCbFFMWURIYWpoc3kzTWFLSEVxRlVLY1RGeVBXZ0RqV1ZEMkdIeE5YRXRBUmc?oc=5
2026-03-31,Grameenphone expects lower Q1 revenue amid Middle East energy supply disruptions - Telecompaper,https://news.google.com/rss/articles/CBMiwAFBVV95cUxPdnlqTlJLQlFneFZXQ0xwZGNZZi1ONlZIX3pnOU1SR2VWbThPMDdDYVNjSHYxWUdCMDgtYVVOWEE4YTV0cjZWdktNVjJSQnlEcGlhb3RMQlN6VFVpdUZKb3ZNV05kSGJxenJ5ekNkT1M4NDFZQUdMdEdzOV9kZ1BVbFJQUkl6Szh3bl9xUTlRRWEybnZ4NFdTal9kd21YTGlsWXFWV1ltNjVneFZoVWRwQnI4eUx5QzJrekVCRXljam8?oc=5
2026-03-25,Grameenphone forecasts Q1 revenue dip amid Middle East tensions - The Business Standard,https://news.google.com/rss/articles/CBMirwFBVV95cUxQUGczdXhjS2lDR0NHUHBnYVBOWXFldlpkanI4ZXNUaXVVTjQwcVBjdkF4Yy1jcWJqOTYtVk5UWjBLdTFOYTRzMzNzejJsSE1KRF9ZdXlOb1RSOHRqWDRTSERrQjBKak5IZ1VFMlRZU1RXUlBFY3p6bGk3eEtsRG1DTEdWYVVTME51cmxLM1ViaG5URXpPUWczbXktM1M0S2d6b2JHN1ZMc2pEZnZpSWRn0gG0AUFVX3lxTFBLblpObEdseWZjT2oyWnd0R3NtRlFtdk51bmdWMTJZQWVQcDlqa1hNVy1IM0JySlpZb0ctNEE1Z0RiRlVqeGtGYWU5RnNNdjE3ajNwd194bXQzeU95NWM3cDJMdTh0NGM2Qy04dXZjY1I4blo5THMzN2FqUWJBMWlfUmZBaVMzcFlvTmthdGt6WnIwT2ptOEN6bjFva0poblRUTmNJWmVnVWlTZ25KaVhxQmpOUA?oc=5
2026-04-07,"Foreign investors slash stakes in Olympic, BRAC Bank, Grameenphone amid March sell-off - The Business Standard",https://news.google.com/rss/articles/CBMixwFBVV95cUxPUk9aMVo2TUVKYm5iOUh2bHdxd2RjNHdIWHVyNlBLblB2bXA2blRzXy1qbV8yMEV4azlkNlFFRGcxZFpTTWk4Sl85ZnpLWmhQaWVweF90S1F1NmxpSW9PRU1HQWY2ZnR3NGtOTExIYVFCTnQwSzZDejYxejh1Qmc1NTNxQjR2SzJIUVc0RUppbkdMRF83bmNRZEFiVWhsUk5qZ3FGXzJPa01Ccl9RU1RGSDFjbXpKNGs2R0FBS1pJOTJPU0QtRXQ40gHHAUFVX3lxTE9ST1oxWjZNRUpibmI5SHZsd3F3ZGM0d0hYdXI2UEtuUHZtcDZuVHNfLWptXzIwRXhrOWQ2UUVEZzFkWlNNaThKXzlmektaaFBpZXB4X3RLUXU2bGlJb09FTUdBZjZmdHc0a05MTEhhUUJOdDBLNkN6NjF6OHVCZzU1M3FCNHZLMkhRVzRFSmluR0xEXzduY1FkQWJVaGxSTmpncUZfMk9rTUJyX1FTVEZIMWNteko0azZHQUFLWkk5Mk9TRC1FdDg?oc=5
